  [trace @img=0] send 03 01 24  reply 03 02 24 00  (status=0)
  [trace @img=0] send 03 01 20  reply 03 02 20 00  (status=0)
  [trace @img=0] send 03 01 24  reply 03 02 24 00  (status=0)
  [trace @img=0] send 04 03 20 00 8a  reply 07 02 20 00  (status=0)
  [trace @img=0] send 03 01 20  reply 03 02 20 00  (status=0)
  [trace @img=0] send 03 01 20  reply 03 02 20 00  (status=0)
  [trace @img=0] send 03 01 20  reply 03 02 20 00  (status=0)
  [trace @img=0] send 03 01 20  reply 03 02 20 00  (status=0)
  [trace @img=0] send 03 01 20  reply 03 02 20 00  (status=0)
  [trace @img=0] send 03 01 20  reply 03 02 20 00  (status=0)
  [trace @img=0] send 03 01 20  reply 03 02 20 00  (status=0)
  [trace @img=0] send 03 01 20  reply 03 02 20 00  (status=0)
  [trace @img=0] send 03 01 20  reply 03 02 20 00  (status=0)
  [trace @img=0] send 03 01 20  reply 03 02 20 00  (status=0)
  [trace @img=0] send 03 01 20  reply 03 02 20 00  (status=0)
  [trace @img=0] send 03 01 20  reply 03 02 20 00  (status=0)
  [trace @img=0] send 03 01 24  reply 03 02 24 00  (status=0)
  [trace @img=0] send 03 01 24  reply 03 02 24 00  (status=0)
  [trace @img=0] send 03 01 24  reply 03 02 24 00  (status=0)
  [trace @img=0] send 03 01 24  reply 03 02 24 00  (status=0)
  [trace @img=0] send 03 01 24  reply 03 02 24 00  (status=0)
  [trace @img=0] send 03 01 24  reply 03 02 24 00  (status=0)
  [trace @img=0] send 03 01 24  reply 03 02 24 00  (status=0)
  [trace @img=0] send 03 01 24  reply 03 02 24 00  (status=0)
  [trace @img=0] send 03 01 24  reply 03 02 24 00  (status=0)
  [trace @img=0] send 03 01 24  reply 03 02 24 00  (status=0)
  [trace @img=0] send 03 01 24  reply 03 02 24 00  (status=0)
  [trace @img=0] send 04 03 24 00 a2  reply 07 02 24 00  (status=0)
  [trace @img=0] send 03 01 24  reply 03 02 24 00  (status=0)
  [trace @img=0] send 03 01 10  reply 03 03 10 00 aa  (status=0)
  [trace @img=0] send 03 01 10  reply 03 03 10 00 aa  (status=0)
  [trace @img=0] send 03 01 24  reply 03 02 24 00  (status=0)
  [trace @img=0] send 03 01 24  reply 03 02 24 00  (status=0)
  [trace @img=0] send 03 01 10  reply 03 03 10 00 aa  (status=0)
  [trace @img=0] send 03 01 10  reply 03 03 10 00 aa  (status=0)
  [trace @img=0] send 03 01 10  reply 03 03 10 00 aa  (status=0)
  [trace @img=0] send 03 01 10  reply 03 03 10 00 aa  (status=0)
  [trace @img=0] send 03 01 10  reply 03 03 10 00 aa  (status=0)
  [trace @img=0] send 03 01 10  reply 03 03 10 00 aa  (status=0)
  [trace @img=0] send 03 01 10  reply 03 03 10 00 aa  (status=0)
  [trace @img=0] send 03 01 10  reply 03 03 10 00 aa  (status=0)
  [trace @img=0] send 03 01 10  reply 03 03 10 00 aa  (status=0)
  [trace @img=0] send 03 01 10  reply 03 03 10 00 aa  (status=0)
  [trace @img=0] send 03 01 10  reply 03 03 10 00 aa  (status=0)
  [trace @img=0] send 03 01 10  reply 03 03 10 00 aa  (status=0)
  [trace @img=0] send 03 01 10  reply 03 03 10 00 aa  (status=0)
  [trace @img=0] send 03 01 10  reply 03 03 10 00 aa  (status=0)
  [trace @img=0] send 03 01 10  reply 03 03 10 00 aa  (status=0)
  [trace @img=0] send 03 01 10  reply 03 03 10 00 aa  (status=0)
  [trace @img=0] send 03 01 10  reply 03 03 10 00 aa  (status=0)
  [trace @img=0] send 03 01 10  reply 03 03 10 00 aa  (status=0)
  [trace @img=0] send 03 01 10  reply 03 03 10 00 aa  (status=0)
  [trace @img=0] send 03 01 10  reply 03 03 10 00 aa  (status=0)
  [trace @img=0] send 03 01 10  reply 03 03 10 00 aa  (status=0)
  [trace @img=0] send 03 01 10  reply 03 03 10 00 aa  (status=0)
  [trace @img=0] send 03 01 10  reply 03 03 10 00 aa  (status=0)
  [trace @img=0] send 03 01 10  reply 03 03 10 00 aa  (status=0)
  [trace @img=0] send 03 01 10  reply 03 03 10 00 aa  (status=0)
  [trace @img=0] send 03 01 10  reply 03 03 10 00 aa  (status=0)
  [trace @img=0] send 03 01 10  reply 03 03 10 00 aa  (status=0)
  [trace @img=0] send 03 01 10  reply 03 03 10 00 aa  (status=0)
  [trace @img=0] send 03 01 10  reply 03 03 10 00 aa  (status=0)
  [trace @img=0] send 03 01 10  reply 03 03 10 00 aa  (status=0)
  [trace @img=0] send 03 01 10  reply 03 03 10 00 aa  (status=0)
  [trace @img=0] send 03 01 10  reply 03 03 10 00 aa  (status=0)
  [trace @img=0] send 03 01 10  reply 03 03 10 00 aa  (status=0)
  [trace @img=0] send 03 01 10  reply 03 03 10 00 aa  (status=0)
  [trace @img=0] send 03 01 10  reply 03 03 10 00 aa  (status=0)
  [trace @img=0] send 03 01 10  reply 03 03 10 00 aa  (status=0)
  [trace @img=0] send 03 01 20  reply 03 02 20 00  (status=0)
  [trace @img=0] send 03 01 10  reply 03 03 10 00 aa  (status=0)
  [trace @img=0] send 03 01 10  reply 03 03 10 00 aa  (status=0)
  [trace @img=0] send 03 01 10  reply 03 03 10 00 aa  (status=0)
  [trace @img=0] send 03 01 10  reply 03 03 10 00 aa  (status=0)
  [trace @img=0] send 03 01 10  reply 03 03 10 00 aa  (status=0)
  [trace @img=0] send 03 01 10  reply 03 03 10 00 aa  (status=0)
  [trace @img=0] send 04 03 20 00 8a  reply 07 02 20 00  (status=0)
  [trace @img=0] send 03 01 20  reply 03 02 20 00  (status=0)
  [trace @img=0] send 03 01 20  reply 03 02 20 00  (status=0)
  [trace @img=0] send 03 01 24  reply 03 02 24 00  (status=0)
  [trace @img=0] send 03 01 24  reply 03 02 24 00  (status=0)
  [trace @img=0] send 03 01 24  reply 03 02 24 00  (status=0)
  [trace @img=0] send 03 01 24  reply 03 02 24 00  (status=0)
  [trace @img=0] send 04 03 20 00 8a  reply 07 02 20 00  (status=0)
  [trace @img=0] send 03 01 20  reply 03 02 20 00  (status=0)
  [trace @img=3] send 03 01 24  reply 03 02 24 00  (status=0)
  [trace @img=4] send 03 01 24  reply 03 02 24 00  (status=0)
  [trace @img=5] send 03 01 24  reply 03 02 24 00  (status=0)
  [trace @img=7] send 03 01 24  reply 03 02 24 00  (status=0)
  [trace @img=8] send 03 01 24  reply 03 02 24 00  (status=0)
  [trace @img=9] send 03 01 24  reply 03 02 24 00  (status=0)
  [trace @img=10] send 03 01 10  reply 03 03 10 00 aa  (status=0)
  [trace @img=11] send 03 01 24  reply 03 02 24 00  (status=0)
  [trace @img=13] send 03 01 24  reply 03 02 24 00  (status=0)
  [trace @img=14] send 03 01 24  reply 03 02 24 00  (status=0)
  [trace @img=15] send 04 03 20 00 8a  reply 07 02 20 00  (status=0)
  [trace @img=16] send 03 01 20  reply 03 02 20 00  (status=0)
  [trace @img=42] send 03 01 10  reply 03 03 10 00 aa  (status=0)
  [trace @img=52] send 03 01 24  reply 03 02 24 00  (status=0)
  [trace @img=54] send 03 01 24  reply 03 02 24 00  (status=0)
  [trace @img=55] send 03 01 24  reply 03 02 24 00  (status=0)
  [trace @img=56] send 04 03 20 00 8a  reply 07 02 20 00  (status=0)
  [trace @img=57] send 03 01 20  reply 03 02 20 00  (status=0)
  [trace @img=70] send 03 01 10  reply 03 03 10 00 aa  (status=0)
  [trace @img=91] send 03 01 24  reply 03 02 24 00  (status=0)
  [trace @img=93] send 03 01 24  reply 03 02 24 00  (status=0)
  [trace @img=94] send 03 01 24  reply 03 02 24 00  (status=0)
  [trace @img=95] send 04 03 20 00 8a  reply 07 02 20 00  (status=0)
  [trace @img=96] send 03 01 20  reply 03 02 20 00  (status=0)
  [trace @img=100] send 03 01 10  reply 03 03 10 00 aa  (status=0)
  [trace @img=130] send 03 01 24  reply 03 02 24 00  (status=0)
  [trace @img=132] send 03 01 24  reply 03 02 24 00  (status=0)
  [trace @img=133] send 03 01 10  reply 03 03 10 00 aa  (status=0)
  [trace @img=134] send 03 01 24  reply 03 02 24 00  (status=0)
  [trace @img=135] send 04 03 20 00 8a  reply 07 02 20 00  (status=0)
  [trace @img=136] send 03 01 20  reply 03 02 20 00  (status=0)
  [trace @img=161] send 03 01 10  reply 03 03 10 00 aa  (status=0)
  [trace @img=171] send 03 01 24  reply 03 02 24 00  (status=0)
  [trace @img=172] send 04 03 20 00 8a  reply 07 02 20 00  (status=0)
  [trace @img=172] send 03 01 20  reply 03 02 20 00  (status=0)
  [trace @img=184] send 03 01 10  reply 03 03 10 00 aa  (status=0)
  [trace @img=205] send 03 01 10  reply 03 03 10 00 aa  (status=0)
  [trace @img=227] send 03 01 10  reply 03 03 10 00 aa  (status=0)
  [trace @img=249] send 03 01 10  reply 03 03 10 00 aa  (status=0)
  [trace @img=270] send 03 01 10  reply 03 03 10 00 aa  (status=0)
  [trace @img=286] send 04 03 20 00 8a  reply 07 02 20 00  (status=0)
  [trace @img=286] send 03 01 20  reply 03 02 20 00  (status=0)
  [trace @img=290] send 03 01 10  reply 03 03 10 00 aa  (status=0)
  [trace @img=311] send 03 01 10  reply 03 03 10 00 aa  (status=0)
  [trace @img=333] send 03 01 10  reply 03 03 10 00 aa  (status=0)
  [trace @img=355] send 03 01 10  reply 03 03 10 00 aa  (status=0)
  [trace @img=376] send 03 01 10  reply 03 03 10 00 aa  (status=0)
  [trace @img=398] send 03 01 10  reply 03 03 10 00 aa  (status=0)
  [trace @img=400] send 03 01 20  reply 03 02 20 00  (status=0)
  [trace @img=401] send 03 01 20  reply 03 02 20 00  (status=0)
  [trace @img=402] send 03 01 20  reply 03 02 20 00  (status=0)
  [trace @img=420] send 03 01 10  reply 03 03 10 00 aa  (status=0)
  [trace @img=441] send 03 01 10  reply 03 03 10 00 aa  (status=0)
  [trace @img=463] send 03 01 10  reply 03 03 10 00 aa  (status=0)
  [trace @img=470] send 04 03 20 00 8a  reply 07 02 20 00  (status=0)
  [trace @img=471] send 03 01 20  reply 03 02 20 00  (status=0)
  [trace @img=482] send 03 01 10  reply 03 03 10 00 aa  (status=0)
  [trace @img=504] send 03 01 10  reply 03 03 10 00 aa  (status=0)
  [trace @img=508] send 03 01 20  reply 03 02 20 00  (status=0)
  [trace @img=509] send 03 01 20  reply 03 02 20 00  (status=0)
  [trace @img=526] send 03 01 10  reply 03 03 10 00 aa  (status=0)
  [trace @img=547] send 03 01 10  reply 03 03 10 00 aa  (status=0)
  [trace @img=569] send 03 01 10  reply 03 03 10 00 aa  (status=0)
  [trace @img=578] send 04 03 20 00 8a  reply 07 02 20 00  (status=0)
  [trace @img=578] send 03 01 20  reply 03 02 20 00  (status=0)
  [trace @img=588] send 03 01 10  reply 03 03 10 00 aa  (status=0)
  [trace @img=610] send 03 01 10  reply 03 03 10 00 aa  (status=0)
  [trace @img=616] send 03 01 20  reply 03 02 20 00  (status=0)
  [trace @img=617] send 03 01 20  reply 03 02 20 00  (status=0)
  [trace @img=632] send 03 01 10  reply 03 03 10 00 aa  (status=0)
  [trace @img=654] send 03 01 10  reply 03 03 10 00 aa  (status=0)
  [trace @img=675] send 03 01 10  reply 03 03 10 00 aa  (status=0)
  [trace @img=686] send 04 03 20 00 8a  reply 07 02 20 00  (status=0)
  [trace @img=686] send 03 01 20  reply 03 02 20 00  (status=0)
  [trace @img=695] send 03 01 10  reply 03 03 10 00 aa  (status=0)
  [trace @img=716] send 03 01 10  reply 03 03 10 00 aa  (status=0)
  [trace @img=724] send 03 01 20  reply 03 02 20 00  (status=0)
  [trace @img=724] send 04 03 20 00 8a  reply 07 02 20 00  (status=0)
  [trace @img=725] send 03 01 20  reply 03 02 20 00  (status=0)
  [trace @img=736] send 03 01 10  reply 03 03 10 00 aa  (status=0)
  [trace @img=757] send 03 01 10  reply 03 03 10 00 aa  (status=0)
  [trace @img=761] send 03 01 20  reply 03 02 20 00  (status=0)
  [trace @img=779] send 03 01 10  reply 03 03 10 00 aa  (status=0)
  [trace @img=801] send 03 01 10  reply 03 03 10 00 aa  (status=0)
  [trace @img=823] send 03 01 10  reply 03 03 10 00 aa  (status=0)
  [trace @img=844] send 03 01 10  reply 03 03 10 00 aa  (status=0)
  [trace @img=866] send 03 01 10  reply 03 03 10 00 aa  (status=0)
  [trace @img=885] send 04 03 20 00 8a  reply 07 02 20 00  (status=0)
  [trace @img=885] send 03 01 20  reply 03 02 20 00  (status=0)
  [trace @img=886] send 03 01 10  reply 03 03 10 00 aa  (status=0)
  [trace @img=907] send 03 01 10  reply 03 03 10 00 aa  (status=0)
  [trace @img=922] send 03 01 20  reply 03 02 20 00  (status=0)
  [trace @img=927] send 03 01 10  reply 03 03 10 00 aa  (status=0)
  [trace @img=928] send 04 03 20 00 8a  reply 07 02 20 00  (status=0)
  [trace @img=928] send 03 01 20  reply 03 02 20 00  (status=0)
  [trace @img=948] send 03 01 10  reply 03 03 10 00 aa  (status=0)
  [trace @img=963] send 03 01 20  reply 03 02 20 00  (status=0)
  [trace @img=965] send 04 03 20 00 8a  reply 07 02 20 00  (status=0)
  [trace @img=965] send 03 01 20  reply 03 02 20 00  (status=0)
  [trace @img=968] send 03 01 10  reply 03 03 10 00 aa  (status=0)
  [trace @img=989] send 03 01 10  reply 03 03 10 00 aa  (status=0)
  ... 1000 image reads, 20480000 bytes
  [trace @img=1001] send 03 01 20  reply 03 02 20 00  (status=0)
  [trace @img=1002] send 04 03 20 00 8a  reply 07 02 20 00  (status=0)
  [trace @img=1002] send 03 01 20  reply 03 02 20 00  (status=0)
  [trace @img=1008] send 03 01 10  reply 03 03 10 00 aa  (status=0)
  [trace @img=1030] send 03 01 10  reply 03 03 10 00 aa  (status=0)
  [trace @img=1052] send 03 01 10  reply 03 03 10 00 aa  (status=0)
  [trace @img=1061] send 03 01 20  reply 03 02 20 00  (status=0)
  [trace @img=1062] send 04 03 20 00 8a  reply 07 02 20 00  (status=0)
  [trace @img=1062] send 03 01 20  reply 03 02 20 00  (status=0)
  [trace @img=1071] send 03 01 10  reply 03 03 10 00 aa  (status=0)
  [trace @img=1093] send 03 01 10  reply 03 03 10 00 aa  (status=0)
  [trace @img=1098] send 04 03 20 00 8a  reply 07 02 20 00  (status=0)
  [trace @img=1099] send 03 01 20  reply 03 02 20 00  (status=0)
  [trace @img=1112] send 03 01 10  reply 03 03 10 00 aa  (status=0)
  [trace @img=1134] send 03 01 10  reply 03 03 10 00 aa  (status=0)
  [trace @img=1156] send 03 01 10  reply 03 03 10 00 aa  (status=0)
  [trace @img=1177] send 03 01 10  reply 03 03 10 00 aa  (status=0)
  [trace @img=1199] send 03 01 10  reply 03 03 10 00 aa  (status=0)
  [trace @img=1210] send 03 01 20  reply 03 02 20 00  (status=0)
  [trace @img=1211] send 03 01 20  reply 03 02 20 00  (status=0)
  [trace @img=1212] send 04 03 20 00 8a  reply 07 02 20 00  (status=0)
  [trace @img=1212] send 03 01 20  reply 03 02 20 00  (status=0)
  [trace @img=1218] send 03 01 10  reply 03 03 10 00 aa  (status=0)
  [trace @img=1240] send 03 01 10  reply 03 03 10 00 aa  (status=0)
  [trace @img=1262] send 03 01 10  reply 03 03 10 00 aa  (status=0)
  [trace @img=1283] send 03 01 10  reply 03 03 10 00 aa  (status=0)
  [trace @img=1305] send 03 01 10  reply 03 03 10 00 aa  (status=0)
  [trace @img=1325] send 03 01 24  reply 03 02 24 00  (status=0)
  [trace @img=1325] send 03 01 10  reply 03 03 10 00 aa  (status=0)
  [trace @img=1325] send 04 03 20 00 8a  reply 07 02 20 00  (status=0)
  [trace @img=1325] send 03 01 20  reply 03 02 20 00  (status=0)
  [trace @img=1325] send 03 01 24  reply 03 02 24 00  (status=0)
  [trace @img=1325] send 03 01 20  reply 03 02 20 00  (status=0)
  [trace @img=1325] send 03 01 20  reply 03 02 20 00  (status=0)
  [trace @img=1325] send 03 01 10  reply 03 03 10 00 aa  (status=0)
  [trace @img=1325] send 03 01 24  reply 03 02 24 00  (status=0)
  [trace @img=1325] send 03 01 10  reply 03 03 10 00 aa  (status=0)
  [trace @img=1325] send 03 01 10  reply 03 03 10 00 aa  (status=0)
  [trace @img=1325] send 03 01 10  reply 03 03 10 00 aa  (status=0)
  [trace @img=1325] send 03 01 10  reply 03 03 10 00 aa  (status=0)
  [trace @img=1325] send 03 01 10  reply 03 03 10 00 aa  (status=0)
  [trace @img=1325] send 03 01 10  reply 03 03 10 00 aa  (status=0)
  [trace @img=1325] send 03 01 10  reply 03 03 10 00 aa  (status=0)
  [trace @img=1325] send 03 01 10  reply 03 03 10 00 aa  (status=0)
  [trace @img=1325] send 03 01 20  reply 03 02 20 00  (status=0)
  [trace @img=1325] send 03 01 10  reply 03 03 10 00 aa  (status=0)
  [trace @img=1325] send 03 01 24  reply 03 02 24 00  (status=0)
  [trace @img=1325] send 04 03 24 00 a0  reply 07 02 24 00  (status=0)
  [trace @img=1325] send 03 01 24  reply 03 02 24 00  (status=0)
  [trace @img=1326] send 03 01 10  reply 03 03 10 80 aa  (status=128)
  [trace @img=1326] send 03 01 24  reply 03 02 24 00  (status=0)
  [trace @img=1327] send 03 01 20  reply 03 02 20 00  (status=0)
  [trace @img=1328] send 03 01 24  reply 03 02 24 00  (status=0)
  [trace @img=1329] send 03 01 24  reply 03 02 24 00  (status=0)
  [trace @img=1330] send 03 01 10  reply 03 03 10 00 aa  (status=0)
  [trace @img=1332] send 03 01 10  reply 03 03 10 00 aa  (status=0)
  [trace @img=1333] send 03 01 10  reply 03 03 10 00 aa  (status=0)
  [trace @img=1335] send 03 01 10  reply 03 03 10 00 aa  (status=0)
  [trace @img=1336] send 03 01 10  reply 03 03 10 00 aa  (status=0)
  [trace @img=1338] send 03 01 10  reply 03 03 10 00 aa  (status=0)
  [trace @img=1340] send 03 01 10  reply 03 03 10 00 aa  (status=0)
  [trace @img=1341] send 03 01 10  reply 03 03 10 00 aa  (status=0)
  [trace @img=1343] send 03 01 10  reply 03 03 10 00 aa  (status=0)
  [trace @img=1344] send 03 01 10  reply 03 03 10 00 aa  (status=0)
  [trace @img=1346] send 03 01 10  reply 03 03 10 00 aa  (status=0)
  [trace @img=1348] send 03 01 10  reply 03 03 10 00 aa  (status=0)
  [trace @img=1350] send 03 01 10  reply 03 03 10 00 aa  (status=0)
  [trace @img=1351] send 03 01 10  reply 03 03 10 00 aa  (status=0)
  [trace @img=1353] send 03 01 10  reply 03 03 10 00 aa  (status=0)
  [trace @img=1354] send 03 01 10  reply 03 03 10 00 aa  (status=0)
  [trace @img=1356] send 03 01 10  reply 03 03 10 00 aa  (status=0)
  [trace @img=1358] send 03 01 10  reply 03 03 10 00 aa  (status=0)
  [trace @img=1359] send 03 01 10  reply 03 03 10 00 aa  (status=0)
  [trace @img=1361] send 03 01 10  reply 03 03 10 00 aa  (status=0)
  [trace @img=1362] send 03 01 10  reply 03 03 10 00 aa  (status=0)
  [trace @img=1364] send 03 01 10  reply 03 03 10 00 aa  (status=0)
  [trace @img=1366] send 03 01 10  reply 03 03 10 00 aa  (status=0)
  [trace @img=1368] send 03 01 10  reply 03 03 10 00 aa  (status=0)
  [trace @img=1369] send 03 01 10  reply 03 03 10 00 aa  (status=0)
  [trace @img=1371] send 03 01 10  reply 03 03 10 00 aa  (status=0)
  [trace @img=1372] send 03 01 10  reply 03 03 10 00 aa  (status=0)
  [trace @img=1374] send 03 01 10  reply 03 03 10 00 aa  (status=0)
  [trace @img=1375] send 03 01 10  reply 03 03 10 00 aa  (status=0)
  [trace @img=1377] send 03 01 10  reply 03 03 10 00 aa  (status=0)
  [trace @img=1379] send 03 01 10  reply 03 03 10 00 aa  (status=0)
  [trace @img=1381] send 03 01 10  reply 03 03 10 00 aa  (status=0)
  [trace @img=1382] send 03 01 10  reply 03 03 10 00 aa  (status=0)
  [trace @img=1384] send 03 01 10  reply 03 03 10 00 aa  (status=0)
  [trace @img=1385] send 03 01 10  reply 03 03 10 00 aa  (status=0)
  [trace @img=1387] send 03 01 10  reply 03 03 10 00 aa  (status=0)
  [trace @img=1389] send 03 01 10  reply 03 03 10 00 aa  (status=0)
  [trace @img=1390] send 03 01 10  reply 03 03 10 00 aa  (status=0)
  [trace @img=1392] send 03 01 10  reply 03 03 10 00 aa  (status=0)
  [trace @img=1394] send 03 01 10  reply 03 03 10 00 aa  (status=0)
  [trace @img=1395] send 03 01 10  reply 03 03 10 00 aa  (status=0)
  [trace @img=1397] send 03 01 10  reply 03 03 10 00 aa  (status=0)
  [trace @img=1398] send 03 01 10  reply 03 03 10 00 aa  (status=0)
  [trace @img=1400] send 03 01 10  reply 03 03 10 00 aa  (status=0)
  [trace @img=1402] send 03 01 10  reply 03 03 10 00 aa  (status=0)
  [trace @img=1403] send 03 01 10  reply 03 03 10 00 aa  (status=0)
  [trace @img=1405] send 03 01 10  reply 03 03 10 00 aa  (status=0)
  [trace @img=1407] send 03 01 10  reply 03 03 10 00 aa  (status=0)
  [trace @img=1408] send 03 01 10  reply 03 03 10 00 aa  (status=0)
  [trace @img=1410] send 03 01 10  reply 03 03 10 00 aa  (status=0)
  [trace @img=1411] send 03 01 10  reply 03 03 10 00 aa  (status=0)
  [trace @img=1413] send 03 01 10  reply 03 03 10 00 aa  (status=0)
  [trace @img=1415] send 03 01 10  reply 03 03 10 00 aa  (status=0)
  [trace @img=1417] send 03 01 10  reply 03 03 10 00 aa  (status=0)
  [trace @img=1418] send 03 01 10  reply 03 03 10 00 aa  (status=0)
  [trace @img=1420] send 03 01 10  reply 03 03 10 00 aa  (status=0)
  [trace @img=1421] send 03 01 10  reply 03 03 10 00 aa  (status=0)
  [trace @img=1423] send 03 01 10  reply 03 03 10 00 aa  (status=0)
  [trace @img=1425] send 03 01 10  reply 03 03 10 00 aa  (status=0)
  [trace @img=1426] send 03 01 10  reply 03 03 10 00 aa  (status=0)
  [trace @img=1428] send 03 01 10  reply 03 03 10 00 aa  (status=0)
  [trace @img=1430] send 03 01 10  reply 03 03 10 00 aa  (status=0)
  [trace @img=1431] send 03 01 10  reply 03 03 10 00 aa  (status=0)
  [trace @img=1433] send 03 01 10  reply 03 03 10 00 aa  (status=0)
  [trace @img=1435] send 03 01 10  reply 03 03 10 00 aa  (status=0)
  [trace @img=1436] send 03 01 10  reply 03 03 10 00 aa  (status=0)
  [trace @img=1438] send 03 01 10  reply 03 03 10 00 aa  (status=0)
  [trace @img=1439] send 03 01 10  reply 03 03 10 00 aa  (status=0)
  [trace @img=1441] send 03 01 10  reply 03 03 10 00 aa  (status=0)
  [trace @img=1443] send 03 01 10  reply 03 03 10 00 aa  (status=0)
  [trace @img=1444] send 03 01 10  reply 03 03 10 00 aa  (status=0)
  [trace @img=1446] send 03 01 10  reply 03 03 10 00 aa  (status=0)
  [trace @img=1447] send 03 01 10  reply 03 03 10 00 aa  (status=0)
  [trace @img=1449] send 03 01 10  reply 03 03 10 00 aa  (status=0)
  [trace @img=1451] send 03 01 10  reply 03 03 10 00 aa  (status=0)
  [trace @img=1452] send 03 01 10  reply 03 03 10 00 aa  (status=0)
  [trace @img=1454] send 03 01 10  reply 03 03 10 00 aa  (status=0)
  [trace @img=1456] send 03 01 10  reply 03 03 10 00 aa  (status=0)
  [trace @img=1457] send 03 01 10  reply 03 03 10 00 aa  (status=0)
  [trace @img=1459] send 03 01 10  reply 03 03 10 00 aa  (status=0)
  [trace @img=1461] send 03 01 10  reply 03 03 10 00 aa  (status=0)
  [trace @img=1462] send 03 01 10  reply 03 03 10 00 aa  (status=0)
  [trace @img=1464] send 03 01 10  reply 03 03 10 00 aa  (status=0)
  [trace @img=1466] send 03 01 10  reply 03 03 10 00 aa  (status=0)
  [trace @img=1467] send 03 01 10  reply 03 03 10 00 aa  (status=0)
  [trace @img=1469] send 03 01 10  reply 03 03 10 00 aa  (status=0)
  [trace @img=1471] send 03 01 10  reply 03 03 10 00 aa  (status=0)
  [trace @img=1472] send 03 01 10  reply 03 03 10 00 aa  (status=0)
  [trace @img=1474] send 03 01 10  reply 03 03 10 00 aa  (status=0)
  [trace @img=1475] send 03 01 10  reply 03 03 10 00 aa  (status=0)
  [trace @img=1477] send 03 01 10  reply 03 03 10 00 aa  (status=0)
  [trace @img=1479] send 03 01 10  reply 03 03 10 00 aa  (status=0)
  [trace @img=1480] send 03 01 10  reply 03 03 10 00 aa  (status=0)
  [trace @img=1482] send 03 01 10  reply 03 03 10 00 aa  (status=0)
  [trace @img=1484] send 03 01 10  reply 03 03 10 00 aa  (status=0)
  [trace @img=1485] send 03 01 10  reply 03 03 10 00 aa  (status=0)
  [trace @img=1487] send 03 01 10  reply 03 03 10 00 aa  (status=0)
  [trace @img=1489] send 03 01 10  reply 03 03 10 00 aa  (status=0)
  [trace @img=1490] send 03 01 10  reply 03 03 10 00 aa  (status=0)
  [trace @img=1492] send 03 01 10  reply 03 03 10 00 aa  (status=0)
  [trace @img=1493] send 03 01 10  reply 03 03 10 00 aa  (status=0)
  [trace @img=1495] send 03 01 10  reply 03 03 10 00 aa  (status=0)
  [trace @img=1497] send 03 01 10  reply 03 03 10 00 aa  (status=0)
  [trace @img=1498] send 03 01 10  reply 03 03 10 00 aa  (status=0)
  [trace @img=1500] send 03 01 10  reply 03 03 10 00 aa  (status=0)
  [trace @img=1502] send 03 01 10  reply 03 03 10 00 aa  (status=0)
  [trace @img=1503] send 03 01 10  reply 03 03 10 00 aa  (status=0)
  [trace @img=1505] send 03 01 10  reply 03 03 10 00 aa  (status=0)
  [trace @img=1507] send 03 01 10  reply 03 03 10 00 aa  (status=0)
  [trace @img=1508] send 03 01 10  reply 03 03 10 00 aa  (status=0)
  [trace @img=1510] send 03 01 10  reply 03 03 10 00 aa  (status=0)
  [trace @img=1511] send 03 01 10  reply 03 03 10 00 aa  (status=0)
  [trace @img=1513] send 03 01 10  reply 03 03 10 00 aa  (status=0)
  [trace @img=1515] send 03 01 10  reply 03 03 10 00 aa  (status=0)
  [trace @img=1516] send 03 01 10  reply 03 03 10 00 aa  (status=0)
  [trace @img=1518] send 03 01 10  reply 03 03 10 00 aa  (status=0)
  [trace @img=1520] send 03 01 10  reply 03 03 10 00 aa  (status=0)
  [trace @img=1521] send 03 01 10  reply 03 03 10 00 aa  (status=0)
  [trace @img=1523] send 03 01 10  reply 03 03 10 00 aa  (status=0)
  [trace @img=1525] send 03 01 10  reply 03 03 10 00 aa  (status=0)
  [trace @img=1526] send 03 01 10  reply 03 03 10 00 aa  (status=0)
  [trace @img=1528] send 03 01 10  reply 03 03 10 00 aa  (status=0)
  [trace @img=1529] send 03 01 10  reply 03 03 10 00 aa  (status=0)
  [trace @img=1531] send 03 01 10  reply 03 03 10 00 aa  (status=0)
  [trace @img=1533] send 03 01 10  reply 03 03 10 00 aa  (status=0)
  [trace @img=1534] send 03 01 10  reply 03 03 10 00 aa  (status=0)
  [trace @img=1536] send 03 01 10  reply 03 03 10 00 aa  (status=0)
  [trace @img=1538] send 03 01 10  reply 03 03 10 00 aa  (status=0)
  [trace @img=1539] send 03 01 10  reply 03 03 10 00 aa  (status=0)
  [trace @img=1541] send 03 01 10  reply 03 03 10 00 aa  (status=0)
  [trace @img=1543] send 03 01 10  reply 03 03 10 00 aa  (status=0)
  [trace @img=1544] send 03 01 10  reply 03 03 10 00 aa  (status=0)
  [trace @img=1546] send 03 01 10  reply 03 03 10 00 aa  (status=0)
  [trace @img=1547] send 03 01 10  reply 03 03 10 00 aa  (status=0)
  [trace @img=1549] send 03 01 10  reply 03 03 10 00 aa  (status=0)
  [trace @img=1551] send 03 01 10  reply 03 03 10 00 aa  (status=0)
  [trace @img=1553] send 03 01 10  reply 03 03 10 00 aa  (status=0)
  [trace @img=1554] send 03 01 10  reply 03 03 10 00 aa  (status=0)
  [trace @img=1556] send 03 01 10  reply 03 03 10 00 aa  (status=0)
  [trace @img=1557] send 03 01 10  reply 03 03 10 00 aa  (status=0)
  [trace @img=1559] send 03 01 10  reply 03 03 10 00 aa  (status=0)
  [trace @img=1560] send 03 01 10  reply 03 03 10 00 aa  (status=0)
  [trace @img=1562] send 03 01 10  reply 03 03 10 00 aa  (status=0)
  [trace @img=1564] send 03 01 10  reply 03 03 10 00 aa  (status=0)
  [trace @img=1565] send 03 01 10  reply 03 03 10 00 aa  (status=0)
  [trace @img=1567] send 03 01 10  reply 03 03 10 00 aa  (status=0)
  [trace @img=1569] send 03 01 10  reply 03 03 10 00 aa  (status=0)
  [trace @img=1570] send 03 01 10  reply 03 03 10 00 aa  (status=0)
  [trace @img=1572] send 03 01 10  reply 03 03 10 00 aa  (status=0)
  [trace @img=1574] send 03 01 10  reply 03 03 10 00 aa  (status=0)
  [trace @img=1575] send 03 01 10  reply 03 03 10 00 aa  (status=0)
  [trace @img=1577] send 03 01 10  reply 03 03 10 00 aa  (status=0)
  [trace @img=1578] send 03 01 10  reply 03 03 10 00 aa  (status=0)
  [trace @img=1580] send 03 01 10  reply 03 03 10 00 aa  (status=0)
  [trace @img=1582] send 03 01 10  reply 03 03 10 00 aa  (status=0)
  [trace @img=1583] send 03 01 10  reply 03 03 10 00 aa  (status=0)
  [trace @img=1585] send 03 01 10  reply 03 03 10 00 aa  (status=0)
  [trace @img=1587] send 03 01 10  reply 03 03 10 00 aa  (status=0)
  [trace @img=1588] send 03 01 10  reply 03 03 10 00 aa  (status=0)
  [trace @img=1590] send 03 01 10  reply 03 03 10 00 aa  (status=0)
  [trace @img=1592] send 03 01 10  reply 03 03 10 00 aa  (status=0)
  [trace @img=1593] send 03 01 10  reply 03 03 10 00 aa  (status=0)
  [trace @img=1595] send 03 01 10  reply 03 03 10 00 aa  (status=0)
  [trace @img=1597] send 03 01 10  reply 03 03 10 00 aa  (status=0)
  [trace @img=1598] send 03 01 10  reply 03 03 10 00 aa  (status=0)
  [trace @img=1600] send 03 01 10  reply 03 03 10 00 aa  (status=0)
  [trace @img=1601] send 03 01 10  reply 03 03 10 00 aa  (status=0)
  [trace @img=1603] send 03 01 10  reply 03 03 10 00 aa  (status=0)
  [trace @img=1605] send 03 01 10  reply 03 03 10 00 aa  (status=0)
  [trace @img=1606] send 03 01 10  reply 03 03 10 00 aa  (status=0)
  [trace @img=1608] send 03 01 10  reply 03 03 10 00 aa  (status=0)
  [trace @img=1610] send 03 01 10  reply 03 03 10 00 aa  (status=0)
  [trace @img=1611] send 03 01 10  reply 03 03 10 00 aa  (status=0)
  [trace @img=1613] send 03 01 10  reply 03 03 10 00 aa  (status=0)
  [trace @img=1615] send 03 01 10  reply 03 03 10 00 aa  (status=0)
  [trace @img=1616] send 03 01 10  reply 03 03 10 00 aa  (status=0)
  [trace @img=1618] send 03 01 10  reply 03 03 10 00 aa  (status=0)
  [trace @img=1619] send 03 01 10  reply 03 03 10 00 aa  (status=0)
  [trace @img=1620] send 03 01 24  reply 03 02 24 00  (status=0)
  [trace @img=1621] send 03 01 10  reply 03 03 10 00 aa  (status=0)
  [trace @img=1623] send 03 01 10  reply 03 03 10 00 aa  (status=0)
  [trace @img=1625] send 03 01 10  reply 03 03 10 00 aa  (status=0)
  [trace @img=1626] send 03 01 10  reply 03 03 10 00 aa  (status=0)
  [trace @img=1628] send 03 01 10  reply 03 03 10 00 aa  (status=0)
  [trace @img=1629] send 03 01 10  reply 03 03 10 00 aa  (status=0)
  [trace @img=1631] send 03 01 10  reply 03 03 10 00 aa  (status=0)
  [trace @img=1632] send 03 01 10  reply 03 03 10 00 aa  (status=0)
  [trace @img=1634] send 03 01 10  reply 03 03 10 00 aa  (status=0)
  [trace @img=1638] send 03 01 10  reply 03 03 10 00 aa  (status=0)
  [trace @img=1639] send 03 01 10  reply 03 03 10 00 aa  (status=0)
  [trace @img=1641] send 03 01 10  reply 03 03 10 00 aa  (status=0)
  [trace @img=1642] send 03 01 10  reply 03 03 10 00 aa  (status=0)
  [trace @img=1644] send 03 01 10  reply 03 03 10 00 aa  (status=0)
  [trace @img=1646] send 03 01 10  reply 03 03 10 00 aa  (status=0)
  [trace @img=1647] send 03 01 10  reply 03 03 10 00 aa  (status=0)
  [trace @img=1649] send 03 01 10  reply 03 03 10 00 aa  (status=0)
  [trace @img=1650] send 03 01 10  reply 03 03 10 00 aa  (status=0)
  [trace @img=1652] send 03 01 10  reply 03 03 10 00 aa  (status=0)
  [trace @img=1654] send 03 01 10  reply 03 03 10 00 aa  (status=0)
  [trace @img=1656] send 03 01 10  reply 03 03 10 00 aa  (status=0)
  [trace @img=1657] send 03 01 10  reply 03 03 10 00 aa  (status=0)
  [trace @img=1659] send 03 01 10  reply 03 03 10 00 aa  (status=0)
  [trace @img=1660] send 03 01 10  reply 03 03 10 00 aa  (status=0)
  [trace @img=1662] send 03 01 10  reply 03 03 10 00 aa  (status=0)
  [trace @img=1664] send 03 01 10  reply 03 03 10 00 aa  (status=0)
  [trace @img=1665] send 03 01 10  reply 03 03 10 00 aa  (status=0)
  [trace @img=1667] send 03 01 10  reply 03 03 10 00 aa  (status=0)
  [trace @img=1668] send 03 01 10  reply 03 03 10 00 aa  (status=0)
  [trace @img=1670] send 03 01 10  reply 03 03 10 00 aa  (status=0)
  [trace @img=1672] send 03 01 10  reply 03 03 10 00 aa  (status=0)
  [trace @img=1673] send 03 01 10  reply 03 03 10 00 aa  (status=0)
  [trace @img=1675] send 03 01 10  reply 03 03 10 00 aa  (status=0)
  [trace @img=1677] send 03 01 10  reply 03 03 10 00 aa  (status=0)
  [trace @img=1678] send 03 01 10  reply 03 03 10 00 aa  (status=0)
  [trace @img=1680] send 03 01 10  reply 03 03 10 00 aa  (status=0)
  [trace @img=1682] send 03 01 10  reply 03 03 10 00 aa  (status=0)
  [trace @img=1683] send 03 01 10  reply 03 03 10 00 aa  (status=0)
  [trace @img=1685] send 03 01 10  reply 03 03 10 00 aa  (status=0)
  [trace @img=1686] send 03 01 10  reply 03 03 10 00 aa  (status=0)
  [trace @img=1688] send 03 01 10  reply 03 03 10 00 aa  (status=0)
  [trace @img=1690] send 03 01 10  reply 03 03 10 00 aa  (status=0)
  [trace @img=1692] send 03 01 10  reply 03 03 10 00 aa  (status=0)
  [trace @img=1693] send 03 01 10  reply 03 03 10 00 aa  (status=0)
  [trace @img=1695] send 03 01 10  reply 03 03 10 00 aa  (status=0)
  [trace @img=1696] send 03 01 10  reply 03 03 10 00 aa  (status=0)
  [trace @img=1698] send 03 01 10  reply 03 03 10 00 aa  (status=0)
  [trace @img=1700] send 03 01 10  reply 03 03 10 00 aa  (status=0)
  [trace @img=1701] send 03 01 10  reply 03 03 10 00 aa  (status=0)
  [trace @img=1703] send 03 01 10  reply 03 03 10 00 aa  (status=0)
  [trace @img=1704] send 03 01 10  reply 03 03 10 00 aa  (status=0)
  [trace @img=1706] send 03 01 10  reply 03 03 10 00 aa  (status=0)
  [trace @img=1708] send 03 01 10  reply 03 03 10 00 aa  (status=0)
  [trace @img=1710] send 03 01 10  reply 03 03 10 00 aa  (status=0)
  [trace @img=1711] send 03 01 10  reply 03 03 10 00 aa  (status=0)
  [trace @img=1713] send 03 01 10  reply 03 03 10 00 aa  (status=0)
  [trace @img=1714] send 03 01 10  reply 03 03 10 00 aa  (status=0)
  [trace @img=1716] send 03 01 10  reply 03 03 10 00 aa  (status=0)
  [trace @img=1718] send 03 01 10  reply 03 03 10 00 aa  (status=0)
  [trace @img=1719] send 03 01 10  reply 03 03 10 00 aa  (status=0)
  [trace @img=1721] send 03 01 10  reply 03 03 10 00 aa  (status=0)
  [trace @img=1722] send 03 01 10  reply 03 03 10 00 aa  (status=0)
  [trace @img=1724] send 03 01 10  reply 03 03 10 00 aa  (status=0)
  [trace @img=1726] send 03 01 10  reply 03 03 10 00 aa  (status=0)
  [trace @img=1728] send 03 01 10  reply 03 03 10 00 aa  (status=0)
  [trace @img=1729] send 03 01 10  reply 03 03 10 00 aa  (status=0)
  [trace @img=1731] send 03 01 10  reply 03 03 10 00 aa  (status=0)
  [trace @img=1732] send 03 01 10  reply 03 03 10 00 aa  (status=0)
  [trace @img=1734] send 03 01 10  reply 03 03 10 00 aa  (status=0)
  [trace @img=1736] send 03 01 10  reply 03 03 10 00 aa  (status=0)
  [trace @img=1737] send 03 01 10  reply 03 03 10 00 aa  (status=0)
  [trace @img=1739] send 03 01 10  reply 03 03 10 00 aa  (status=0)
  [trace @img=1740] send 03 01 10  reply 03 03 10 00 aa  (status=0)
  [trace @img=1742] send 03 01 10  reply 03 03 10 00 aa  (status=0)
  [trace @img=1744] send 03 01 10  reply 03 03 10 00 aa  (status=0)
  [trace @img=1746] send 03 01 10  reply 03 03 10 00 aa  (status=0)
  [trace @img=1747] send 03 01 10  reply 03 03 10 00 aa  (status=0)
  [trace @img=1749] send 03 01 10  reply 03 03 10 00 aa  (status=0)
  [trace @img=1750] send 03 01 10  reply 03 03 10 00 aa  (status=0)
  [trace @img=1752] send 03 01 10  reply 03 03 10 00 aa  (status=0)
  [trace @img=1754] send 03 01 10  reply 03 03 10 00 aa  (status=0)
  [trace @img=1755] send 03 01 10  reply 03 03 10 00 aa  (status=0)
  [trace @img=1757] send 03 01 10  reply 03 03 10 00 aa  (status=0)
  [trace @img=1759] send 03 01 10  reply 03 03 10 00 aa  (status=0)
  [trace @img=1760] send 03 01 10  reply 03 03 10 00 aa  (status=0)
  [trace @img=1762] send 03 01 10  reply 03 03 10 00 aa  (status=0)
  [trace @img=1764] send 03 01 10  reply 03 03 10 00 aa  (status=0)
  [trace @img=1765] send 03 01 10  reply 03 03 10 00 aa  (status=0)
  [trace @img=1767] send 03 01 10  reply 03 03 10 00 aa  (status=0)
  [trace @img=1768] send 03 01 10  reply 03 03 10 00 aa  (status=0)
  [trace @img=1770] send 03 01 10  reply 03 03 10 00 aa  (status=0)
  [trace @img=1772] send 03 01 10  reply 03 03 10 00 aa  (status=0)
  [trace @img=1773] send 03 01 10  reply 03 03 10 00 aa  (status=0)
  [trace @img=1775] send 03 01 10  reply 03 03 10 00 aa  (status=0)
  [trace @img=1777] send 03 01 10  reply 03 03 10 00 aa  (status=0)
  [trace @img=1778] send 03 01 10  reply 03 03 10 00 aa  (status=0)
  [trace @img=1780] send 03 01 10  reply 03 03 10 00 aa  (status=0)
  [trace @img=1782] send 03 01 10  reply 03 03 10 00 aa  (status=0)
  [trace @img=1783] send 03 01 10  reply 03 03 10 00 aa  (status=0)
  [trace @img=1785] send 03 01 10  reply 03 03 10 00 aa  (status=0)
  [trace @img=1786] send 03 01 10  reply 03 03 10 00 aa  (status=0)
  [trace @img=1788] send 03 01 10  reply 03 03 10 00 aa  (status=0)
  [trace @img=1790] send 03 01 10  reply 03 03 10 00 aa  (status=0)
  [trace @img=1791] send 03 01 10  reply 03 03 10 00 aa  (status=0)
  [trace @img=1793] send 03 01 10  reply 03 03 10 00 aa  (status=0)
  [trace @img=1795] send 03 01 10  reply 03 03 10 00 aa  (status=0)
  [trace @img=1796] send 03 01 10  reply 03 03 10 00 aa  (status=0)
  [trace @img=1798] send 03 01 10  reply 03 03 10 00 aa  (status=0)
  [trace @img=1800] send 03 01 10  reply 03 03 10 00 aa  (status=0)
  [trace @img=1801] send 03 01 10  reply 03 03 10 00 aa  (status=0)
  [trace @img=1803] send 03 01 10  reply 03 03 10 00 aa  (status=0)
  [trace @img=1804] send 03 01 10  reply 03 03 10 00 aa  (status=0)
  [trace @img=1806] send 03 01 10  reply 03 03 10 00 aa  (status=0)
  [trace @img=1808] send 03 01 10  reply 03 03 10 00 aa  (status=0)
  [trace @img=1809] send 03 01 10  reply 03 03 10 00 aa  (status=0)
  [trace @img=1811] send 03 01 10  reply 03 03 10 00 aa  (status=0)
  [trace @img=1813] send 03 01 10  reply 03 03 10 00 aa  (status=0)
  [trace @img=1814] send 03 01 10  reply 03 03 10 00 aa  (status=0)
  [trace @img=1816] send 03 01 10  reply 03 03 10 00 aa  (status=0)
  [trace @img=1817] send 03 01 10  reply 03 03 10 00 aa  (status=0)
  [trace @img=1819] send 03 01 10  reply 03 03 10 00 aa  (status=0)
  [trace @img=1821] send 03 01 10  reply 03 03 10 00 aa  (status=0)
  [trace @img=1822] send 03 01 10  reply 03 03 10 00 aa  (status=0)
  [trace @img=1824] send 03 01 10  reply 03 03 10 00 aa  (status=0)
  [trace @img=1826] send 03 01 10  reply 03 03 10 00 aa  (status=0)
  [trace @img=1827] send 03 01 10  reply 03 03 10 00 aa  (status=0)
  [trace @img=1829] send 03 01 10  reply 03 03 10 00 aa  (status=0)
  [trace @img=1831] send 03 01 10  reply 03 03 10 00 aa  (status=0)
  [trace @img=1832] send 03 01 10  reply 03 03 10 00 aa  (status=0)
  [trace @img=1834] send 03 01 10  reply 03 03 10 00 aa  (status=0)
  [trace @img=1836] send 03 01 10  reply 03 03 10 00 aa  (status=0)
  [trace @img=1837] send 03 01 10  reply 03 03 10 00 aa  (status=0)
  [trace @img=1839] send 03 01 10  reply 03 03 10 00 aa  (status=0)
  [trace @img=1840] send 03 01 10  reply 03 03 10 00 aa  (status=0)
  [trace @img=1842] send 03 01 10  reply 03 03 10 00 aa  (status=0)
  [trace @img=1844] send 03 01 10  reply 03 03 10 00 aa  (status=0)
  [trace @img=1845] send 03 01 10  reply 03 03 10 00 aa  (status=0)
  [trace @img=1847] send 03 01 10  reply 03 03 10 00 aa  (status=0)
  [trace @img=1849] send 03 01 10  reply 03 03 10 00 aa  (status=0)
  [trace @img=1850] send 03 01 10  reply 03 03 10 00 aa  (status=0)
  [trace @img=1852] send 03 01 10  reply 03 03 10 00 aa  (status=0)
  [trace @img=1853] send 03 01 10  reply 03 03 10 00 aa  (status=0)
  [trace @img=1855] send 03 01 10  reply 03 03 10 00 aa  (status=0)
  [trace @img=1857] send 03 01 10  reply 03 03 10 00 aa  (status=0)
  [trace @img=1858] send 03 01 10  reply 03 03 10 00 aa  (status=0)
  [trace @img=1860] send 03 01 10  reply 03 03 10 00 aa  (status=0)
  [trace @img=1862] send 03 01 10  reply 03 03 10 00 aa  (status=0)
  [trace @img=1863] send 03 01 10  reply 03 03 10 00 aa  (status=0)
  [trace @img=1865] send 03 01 10  reply 03 03 10 00 aa  (status=0)
  [trace @img=1867] send 03 01 10  reply 03 03 10 00 aa  (status=0)
  [trace @img=1868] send 03 01 10  reply 03 03 10 00 aa  (status=0)
  [trace @img=1870] send 03 01 10  reply 03 03 10 00 aa  (status=0)
  [trace @img=1872] send 03 01 20  reply 03 02 20 00  (status=0)
  [trace @img=1874] send 03 01 10  reply 03 03 10 00 aa  (status=0)
  [trace @img=1875] send 03 01 10  reply 03 03 10 00 aa  (status=0)
  [trace @img=1876] send 03 01 10  reply 03 03 10 00 aa  (status=0)
  [trace @img=1878] send 03 01 10  reply 03 03 10 00 aa  (status=0)
  [trace @img=1880] send 03 01 10  reply 03 03 10 00 aa  (status=0)
  [trace @img=1882] send 03 01 10  reply 03 03 10 00 aa  (status=0)
  [trace @img=1883] send 03 01 10  reply 03 03 10 00 aa  (status=0)
  [trace @img=1885] send 03 01 10  reply 03 03 10 00 aa  (status=0)
  [trace @img=1886] send 03 01 10  reply 03 03 10 00 aa  (status=0)
  [trace @img=1888] send 03 01 10  reply 03 03 10 00 aa  (status=0)
  [trace @img=1890] send 03 01 10  reply 03 03 10 00 aa  (status=0)
  [trace @img=1891] send 03 01 10  reply 03 03 10 00 aa  (status=0)
  [trace @img=1893] send 03 01 10  reply 03 03 10 00 aa  (status=0)
  [trace @img=1894] send 03 01 10  reply 03 03 10 00 aa  (status=0)
  [trace @img=1896] send 03 01 10  reply 03 03 10 00 aa  (status=0)
  [trace @img=1898] send 03 01 10  reply 03 03 10 00 aa  (status=0)
  [trace @img=1900] send 03 01 10  reply 03 03 10 00 aa  (status=0)
  [trace @img=1901] send 03 01 10  reply 03 03 10 00 aa  (status=0)
  [trace @img=1903] send 03 01 10  reply 03 03 10 00 aa  (status=0)
  [trace @img=1904] send 03 01 10  reply 03 03 10 00 aa  (status=0)
  [trace @img=1906] send 03 01 10  reply 03 03 10 00 aa  (status=0)
  [trace @img=1908] send 03 01 10  reply 03 03 10 00 aa  (status=0)
  [trace @img=1909] send 03 01 10  reply 03 03 10 00 aa  (status=0)
  [trace @img=1911] send 03 01 10  reply 03 03 10 00 aa  (status=0)
  [trace @img=1912] send 03 01 10  reply 03 03 10 00 aa  (status=0)
  [trace @img=1914] send 03 01 10  reply 03 03 10 00 aa  (status=0)
  [trace @img=1916] send 03 01 10  reply 03 03 10 00 aa  (status=0)
  [trace @img=1917] send 03 01 10  reply 03 03 10 00 aa  (status=0)
  [trace @img=1919] send 03 01 10  reply 03 03 10 00 aa  (status=0)
  [trace @img=1921] send 03 01 10  reply 03 03 10 00 aa  (status=0)
  [trace @img=1922] send 03 01 10  reply 03 03 10 00 aa  (status=0)
  [trace @img=1924] send 03 01 10  reply 03 03 10 00 aa  (status=0)
  [trace @img=1925] send 03 01 10  reply 03 03 10 00 aa  (status=0)
  [trace @img=1927] send 03 01 10  reply 03 03 10 00 aa  (status=0)
  [trace @img=1929] send 03 01 10  reply 03 03 10 00 aa  (status=0)
  [trace @img=1931] send 03 01 10  reply 03 03 10 00 aa  (status=0)
  [trace @img=1932] send 03 01 10  reply 03 03 10 00 aa  (status=0)
  [trace @img=1934] send 03 01 10  reply 03 03 10 00 aa  (status=0)
  [trace @img=1935] send 03 01 10  reply 03 03 10 00 aa  (status=0)
  [trace @img=1937] send 03 01 10  reply 03 03 10 00 aa  (status=0)
  [trace @img=1939] send 03 01 10  reply 03 03 10 00 aa  (status=0)
  [trace @img=1940] send 03 01 10  reply 03 03 10 00 aa  (status=0)
  [trace @img=1942] send 03 01 10  reply 03 03 10 00 aa  (status=0)
  [trace @img=1943] send 03 01 10  reply 03 03 10 00 aa  (status=0)
  [trace @img=1945] send 03 01 10  reply 03 03 10 00 aa  (status=0)
  [trace @img=1947] send 03 01 10  reply 03 03 10 00 aa  (status=0)
  [trace @img=1949] send 03 01 10  reply 03 03 10 00 aa  (status=0)
  [trace @img=1950] send 03 01 10  reply 03 03 10 00 aa  (status=0)
  [trace @img=1952] send 03 01 10  reply 03 03 10 00 aa  (status=0)
  [trace @img=1953] send 03 01 10  reply 03 03 10 00 aa  (status=0)
  [trace @img=1955] send 03 01 10  reply 03 03 10 00 aa  (status=0)
  [trace @img=1957] send 03 01 10  reply 03 03 10 00 aa  (status=0)
  [trace @img=1958] send 03 01 10  reply 03 03 10 00 aa  (status=0)
  [trace @img=1960] send 03 01 10  reply 03 03 10 00 aa  (status=0)
  [trace @img=1961] send 03 01 10  reply 03 03 10 00 aa  (status=0)
  [trace @img=1963] send 03 01 10  reply 03 03 10 00 aa  (status=0)
  [trace @img=1965] send 03 01 10  reply 03 03 10 00 aa  (status=0)
  [trace @img=1967] send 03 01 10  reply 03 03 10 00 aa  (status=0)
  [trace @img=1968] send 03 01 10  reply 03 03 10 00 aa  (status=0)
  [trace @img=1970] send 03 01 10  reply 03 03 10 00 aa  (status=0)
  [trace @img=1971] send 03 01 10  reply 03 03 10 00 aa  (status=0)
  [trace @img=1973] send 03 01 10  reply 03 03 10 00 aa  (status=0)
  [trace @img=1975] send 03 01 10  reply 03 03 10 00 aa  (status=0)
  [trace @img=1976] send 03 01 10  reply 03 03 10 00 aa  (status=0)
  [trace @img=1978] send 03 01 10  reply 03 03 10 00 aa  (status=0)
  [trace @img=1980] send 03 01 10  reply 03 03 10 00 aa  (status=0)
  [trace @img=1981] send 03 01 10  reply 03 03 10 00 aa  (status=0)
  [trace @img=1983] send 03 01 10  reply 03 03 10 00 aa  (status=0)
  [trace @img=1985] send 03 01 10  reply 03 03 10 00 aa  (status=0)
  [trace @img=1986] send 03 01 10  reply 03 03 10 00 aa  (status=0)
  [trace @img=1988] send 03 01 10  reply 03 03 10 00 aa  (status=0)
  [trace @img=1989] send 03 01 10  reply 03 03 10 00 aa  (status=0)
  [trace @img=1991] send 03 01 10  reply 03 03 10 00 aa  (status=0)
  [trace @img=1993] send 03 01 10  reply 03 03 10 00 aa  (status=0)
  [trace @img=1994] send 03 01 10  reply 03 03 10 00 aa  (status=0)
  [trace @img=1996] send 03 01 10  reply 03 03 10 00 aa  (status=0)
  [trace @img=1997] send 03 01 10  reply 03 03 10 00 aa  (status=0)
  [trace @img=1999] send 03 01 10  reply 03 03 10 00 aa  (status=0)
  ... 2000 image reads, 40939520 bytes
  [trace @img=2001] send 03 01 10  reply 03 03 10 00 aa  (status=0)
  [trace @img=2002] send 03 01 10  reply 03 03 10 00 aa  (status=0)
  [trace @img=2004] send 03 01 10  reply 03 03 10 00 aa  (status=0)
  [trace @img=2006] send 03 01 10  reply 03 03 10 00 aa  (status=0)
  [trace @img=2007] send 03 01 10  reply 03 03 10 00 aa  (status=0)
  [trace @img=2009] send 03 01 10  reply 03 03 10 00 aa  (status=0)
  [trace @img=2011] send 03 01 10  reply 03 03 10 00 aa  (status=0)
  [trace @img=2012] send 03 01 10  reply 03 03 10 00 aa  (status=0)
  [trace @img=2014] send 03 01 10  reply 03 03 10 00 aa  (status=0)
  [trace @img=2016] send 03 01 10  reply 03 03 10 00 aa  (status=0)
  [trace @img=2017] send 03 01 10  reply 03 03 10 00 aa  (status=0)
  [trace @img=2019] send 03 01 10  reply 03 03 10 00 aa  (status=0)
  [trace @img=2021] send 03 01 10  reply 03 03 10 00 aa  (status=0)
  [trace @img=2022] send 03 01 10  reply 03 03 10 00 aa  (status=0)
  [trace @img=2024] send 03 01 10  reply 03 03 10 00 aa  (status=0)
  [trace @img=2025] send 03 01 10  reply 03 03 10 00 aa  (status=0)
  [trace @img=2027] send 03 01 10  reply 03 03 10 00 aa  (status=0)
  [trace @img=2029] send 03 01 10  reply 03 03 10 00 aa  (status=0)
  [trace @img=2030] send 03 01 10  reply 03 03 10 00 aa  (status=0)
  [trace @img=2032] send 03 01 10  reply 03 03 10 00 aa  (status=0)
  [trace @img=2034] send 03 01 10  reply 03 03 10 00 aa  (status=0)
  [trace @img=2035] send 03 01 10  reply 03 03 10 00 aa  (status=0)
  [trace @img=2037] send 03 01 10  reply 03 03 10 00 aa  (status=0)
  [trace @img=2039] send 03 01 10  reply 03 03 10 00 aa  (status=0)
  [trace @img=2040] send 03 01 10  reply 03 03 10 00 aa  (status=0)
  [trace @img=2042] send 03 01 10  reply 03 03 10 00 aa  (status=0)
  [trace @img=2043] send 03 01 10  reply 03 03 10 00 aa  (status=0)
  [trace @img=2045] send 03 01 10  reply 03 03 10 00 aa  (status=0)
  [trace @img=2047] send 03 01 10  reply 03 03 10 00 aa  (status=0)
  [trace @img=2048] send 03 01 10  reply 03 03 10 00 aa  (status=0)
  [trace @img=2050] send 03 01 10  reply 03 03 10 00 aa  (status=0)
  [trace @img=2052] send 03 01 10  reply 03 03 10 00 aa  (status=0)
  [trace @img=2053] send 03 01 10  reply 03 03 10 00 aa  (status=0)
  [trace @img=2055] send 03 01 10  reply 03 03 10 00 aa  (status=0)
  [trace @img=2057] send 03 01 10  reply 03 03 10 00 aa  (status=0)
  [trace @img=2058] send 03 01 10  reply 03 03 10 00 aa  (status=0)
  [trace @img=2060] send 03 01 10  reply 03 03 10 00 aa  (status=0)
  [trace @img=2061] send 03 01 10  reply 03 03 10 00 aa  (status=0)
  [trace @img=2063] send 03 01 10  reply 03 03 10 00 aa  (status=0)
  [trace @img=2065] send 03 01 10  reply 03 03 10 00 aa  (status=0)
  [trace @img=2066] send 03 01 10  reply 03 03 10 00 aa  (status=0)
  [trace @img=2068] send 03 01 10  reply 03 03 10 00 aa  (status=0)
  [trace @img=2070] send 03 01 10  reply 03 03 10 00 aa  (status=0)
  [trace @img=2071] send 03 01 10  reply 03 03 10 00 aa  (status=0)
  [trace @img=2073] send 03 01 10  reply 03 03 10 00 aa  (status=0)
  [trace @img=2075] send 03 01 10  reply 03 03 10 00 aa  (status=0)
  [trace @img=2076] send 03 01 10  reply 03 03 10 00 aa  (status=0)
  [trace @img=2078] send 03 01 10  reply 03 03 10 00 aa  (status=0)
  [trace @img=2079] send 03 01 10  reply 03 03 10 00 aa  (status=0)
  [trace @img=2081] send 03 01 10  reply 03 03 10 00 aa  (status=0)
  [trace @img=2083] send 03 01 10  reply 03 03 10 00 aa  (status=0)
  [trace @img=2084] send 03 01 10  reply 03 03 10 00 aa  (status=0)
  [trace @img=2086] send 03 01 10  reply 03 03 10 00 aa  (status=0)
  [trace @img=2088] send 03 01 10  reply 03 03 10 00 aa  (status=0)
  [trace @img=2089] send 03 01 10  reply 03 03 10 00 aa  (status=0)
  [trace @img=2091] send 03 01 10  reply 03 03 10 00 aa  (status=0)
  [trace @img=2093] send 03 01 10  reply 03 03 10 00 aa  (status=0)
  [trace @img=2094] send 03 01 10  reply 03 03 10 00 aa  (status=0)
  [trace @img=2096] send 03 01 10  reply 03 03 10 00 aa  (status=0)
  [trace @img=2097] send 03 01 10  reply 03 03 10 00 aa  (status=0)
  [trace @img=2099] send 03 01 10  reply 03 03 10 00 aa  (status=0)
  [trace @img=2101] send 03 01 10  reply 03 03 10 00 aa  (status=0)
  [trace @img=2102] send 03 01 10  reply 03 03 10 00 aa  (status=0)
  [trace @img=2104] send 03 01 10  reply 03 03 10 00 aa  (status=0)
  [trace @img=2106] send 03 01 10  reply 03 03 10 80 aa  (status=128)
  [trace @img=2107] send 03 01 10  reply 03 03 10 80 aa  (status=128)
  [trace @img=2109] send 03 01 10  reply 03 03 10 80 aa  (status=128)
  [trace @img=2111] send 03 01 10  reply 03 03 10 80 aa  (status=128)
  [trace @img=2112] send 03 01 10  reply 03 03 10 80 aa  (status=128)
  [trace @img=2114] send 03 01 10  reply 03 03 10 80 aa  (status=128)
  [trace @img=2115] send 03 01 10  reply 03 03 10 80 aa  (status=128)
  [trace @img=2117] send 03 01 10  reply 03 03 10 80 aa  (status=128)
  [trace @img=2119] send 03 01 10  reply 03 03 10 80 aa  (status=128)
  [trace @img=2120] send 03 01 10  reply 03 03 10 80 aa  (status=128)
  [trace @img=2122] send 03 01 10  reply 03 03 10 80 aa  (status=128)
  [trace @img=2124] send 03 01 10  reply 03 03 10 80 aa  (status=128)
  [trace @img=2125] send 03 01 10  reply 03 03 10 80 aa  (status=128)
  [trace @img=2127] send 03 01 10  reply 03 03 10 80 aa  (status=128)
  [trace @img=2129] send 03 01 10  reply 03 03 10 80 aa  (status=128)
  [trace @img=2130] send 03 01 10  reply 03 03 10 80 aa  (status=128)
  [trace @img=2132] send 03 01 10  reply 03 03 10 80 aa  (status=128)
  [trace @img=2133] send 03 01 10  reply 03 03 10 80 aa  (status=128)
  [trace @img=2135] send 03 01 10  reply 03 03 10 80 aa  (status=128)
  [trace @img=2137] send 03 01 10  reply 03 03 10 80 aa  (status=128)
  [trace @img=2139] send 03 01 10  reply 03 03 10 80 aa  (status=128)
  [trace @img=2140] send 03 01 10  reply 03 03 10 80 aa  (status=128)
  [trace @img=2142] send 03 01 10  reply 03 03 10 80 aa  (status=128)
  [trace @img=2143] send 03 01 10  reply 03 03 10 80 aa  (status=128)
  [trace @img=2145] send 03 01 10  reply 03 03 10 80 aa  (status=128)
  [trace @img=2146] send 03 01 10  reply 03 03 10 80 aa  (status=128)
  [trace @img=2148] send 03 01 10  reply 03 03 10 80 aa  (status=128)
  [trace @img=2150] send 03 01 10  reply 03 03 10 80 aa  (status=128)
  [trace @img=2151] send 03 01 10  reply 03 03 10 80 aa  (status=128)
  [trace @img=2153] send 03 01 10  reply 03 03 10 80 aa  (status=128)
  [trace @img=2155] send 03 01 10  reply 03 03 10 80 aa  (status=128)
  [trace @img=2156] send 03 01 10  reply 03 03 10 80 aa  (status=128)
  [trace @img=2158] send 03 01 10  reply 03 03 10 80 aa  (status=128)
  [trace @img=2160] send 03 01 10  reply 03 03 10 80 aa  (status=128)
  [trace @img=2161] send 03 01 10  reply 03 03 10 80 aa  (status=128)
  [trace @img=2163] send 03 01 10  reply 03 03 10 80 aa  (status=128)
  [trace @img=2165] send 03 01 10  reply 03 03 10 80 aa  (status=128)
  [trace @img=2166] send 03 01 10  reply 03 03 10 80 aa  (status=128)
  [trace @img=2168] send 03 01 10  reply 03 03 10 80 aa  (status=128)
  [trace @img=2169] send 03 01 10  reply 03 03 10 80 aa  (status=128)
  [trace @img=2171] send 03 01 10  reply 03 03 10 80 aa  (status=128)
  [trace @img=2173] send 03 01 10  reply 03 03 10 80 aa  (status=128)
  [trace @img=2175] send 03 01 10  reply 03 03 10 80 aa  (status=128)
  [trace @img=2176] send 03 01 10  reply 03 03 10 80 aa  (status=128)
  [trace @img=2178] send 03 01 10  reply 03 03 10 80 aa  (status=128)
  [trace @img=2179] send 03 01 10  reply 03 03 10 80 aa  (status=128)
  [trace @img=2181] send 03 01 10  reply 03 03 10 80 aa  (status=128)
  [trace @img=2183] send 03 01 10  reply 03 03 10 80 aa  (status=128)
  [trace @img=2184] send 03 01 10  reply 03 03 10 80 aa  (status=128)
  [trace @img=2186] send 03 01 10  reply 03 03 10 80 aa  (status=128)
  [trace @img=2188] send 03 01 10  reply 03 03 10 80 aa  (status=128)
  [trace @img=2189] send 03 01 10  reply 03 03 10 80 aa  (status=128)
  [trace @img=2191] send 03 01 10  reply 03 03 10 80 aa  (status=128)
  [trace @img=2192] send 03 01 10  reply 03 03 10 80 aa  (status=128)
  [trace @img=2194] send 03 01 10  reply 03 03 10 80 aa  (status=128)
  [trace @img=2196] send 03 01 10  reply 03 03 10 80 aa  (status=128)
  [trace @img=2197] send 03 01 10  reply 03 03 10 80 aa  (status=128)
  [trace @img=2199] send 03 01 10  reply 03 03 10 80 aa  (status=128)
  [trace @img=2200] send 03 01 10  reply 03 03 10 80 aa  (status=128)
  [trace @img=2202] send 03 01 10  reply 03 03 10 80 aa  (status=128)
  [trace @img=2204] send 03 01 10  reply 03 03 10 80 aa  (status=128)
  [trace @img=2206] send 03 01 10  reply 03 03 10 80 aa  (status=128)
  [trace @img=2207] send 03 01 10  reply 03 03 10 80 aa  (status=128)
  [trace @img=2209] send 03 01 10  reply 03 03 10 80 aa  (status=128)
  [trace @img=2210] send 03 01 10  reply 03 03 10 80 aa  (status=128)
  [trace @img=2212] send 03 01 10  reply 03 03 10 80 aa  (status=128)
  [trace @img=2214] send 03 01 10  reply 03 03 10 80 aa  (status=128)
  [trace @img=2215] send 03 01 10  reply 03 03 10 80 aa  (status=128)
  [trace @img=2217] send 03 01 10  reply 03 03 10 80 aa  (status=128)
  [trace @img=2218] send 03 01 10  reply 03 03 10 80 aa  (status=128)
  [trace @img=2220] send 03 01 10  reply 03 03 10 80 aa  (status=128)
  [trace @img=2222] send 03 01 10  reply 03 03 10 80 aa  (status=128)
  [trace @img=2224] send 03 01 10  reply 03 03 10 80 aa  (status=128)
  [trace @img=2225] send 03 01 10  reply 03 03 10 80 aa  (status=128)
  [trace @img=2227] send 03 01 10  reply 03 03 10 80 aa  (status=128)
  [trace @img=2228] send 03 01 10  reply 03 03 10 80 aa  (status=128)
  [trace @img=2230] send 03 01 10  reply 03 03 10 80 aa  (status=128)
  [trace @img=2232] send 03 01 10  reply 03 03 10 80 aa  (status=128)
  [trace @img=2233] send 03 01 10  reply 03 03 10 80 aa  (status=128)
  [trace @img=2235] send 03 01 10  reply 03 03 10 80 aa  (status=128)
  [trace @img=2236] send 03 01 10  reply 03 03 10 80 aa  (status=128)
  [trace @img=2238] send 03 01 10  reply 03 03 10 80 aa  (status=128)
  [trace @img=2240] send 03 01 10  reply 03 03 10 80 aa  (status=128)
  [trace @img=2242] send 03 01 10  reply 03 03 10 80 aa  (status=128)
  [trace @img=2243] send 03 01 10  reply 03 03 10 80 aa  (status=128)
  [trace @img=2245] send 03 01 10  reply 03 03 10 80 aa  (status=128)
  [trace @img=2247] send 03 01 10  reply 03 03 10 80 aa  (status=128)
  [trace @img=2248] send 03 01 10  reply 03 03 10 80 aa  (status=128)
  [trace @img=2250] send 03 01 10  reply 03 03 10 80 aa  (status=128)
  [trace @img=2251] send 03 01 10  reply 03 03 10 80 aa  (status=128)
  [trace @img=2253] send 03 01 10  reply 03 03 10 80 aa  (status=128)
  [trace @img=2255] send 03 01 10  reply 03 03 10 80 aa  (status=128)
  [trace @img=2256] send 03 01 10  reply 03 03 10 80 aa  (status=128)
  [trace @img=2258] send 03 01 10  reply 03 03 10 80 aa  (status=128)
  [trace @img=2260] send 03 01 10  reply 03 03 10 80 aa  (status=128)
  [trace @img=2261] send 03 01 10  reply 03 03 10 80 aa  (status=128)
  [trace @img=2263] send 03 01 10  reply 03 03 10 80 aa  (status=128)
  [trace @img=2264] send 03 01 10  reply 03 03 10 80 aa  (status=128)
  [trace @img=2266] send 03 01 10  reply 03 03 10 80 aa  (status=128)
  [trace @img=2268] send 03 01 10  reply 03 03 10 80 aa  (status=128)
  [trace @img=2269] send 03 01 10  reply 03 03 10 80 aa  (status=128)
  [trace @img=2271] send 03 01 10  reply 03 03 10 80 aa  (status=128)
  [trace @img=2273] send 03 01 10  reply 03 03 10 80 aa  (status=128)
  [trace @img=2275] send 03 01 10  reply 03 03 10 80 aa  (status=128)
  [trace @img=2276] send 03 01 10  reply 03 03 10 80 aa  (status=128)
  [trace @img=2278] send 03 01 10  reply 03 03 10 80 aa  (status=128)
  [trace @img=2279] send 03 01 10  reply 03 03 10 80 aa  (status=128)
  [trace @img=2281] send 03 01 10  reply 03 03 10 80 aa  (status=128)
  [trace @img=2282] send 03 01 10  reply 03 03 10 80 aa  (status=128)
  [trace @img=2284] send 03 01 10  reply 03 03 10 80 aa  (status=128)
  [trace @img=2286] send 03 01 10  reply 03 03 10 80 aa  (status=128)
  [trace @img=2287] send 03 01 10  reply 03 03 10 80 aa  (status=128)
  [trace @img=2289] send 03 01 10  reply 03 03 10 80 aa  (status=128)
  [trace @img=2291] send 03 01 10  reply 03 03 10 80 aa  (status=128)
  [trace @img=2292] send 03 01 10  reply 03 03 10 80 aa  (status=128)
  [trace @img=2294] send 03 01 10  reply 03 03 10 80 aa  (status=128)
  [trace @img=2296] send 03 01 10  reply 03 03 10 80 aa  (status=128)
  [trace @img=2297] send 03 01 10  reply 03 03 10 80 aa  (status=128)
  [trace @img=2299] send 03 01 10  reply 03 03 10 80 aa  (status=128)
  [trace @img=2300] send 03 01 10  reply 03 03 10 80 aa  (status=128)
  [trace @img=2302] send 03 01 10  reply 03 03 10 80 aa  (status=128)
  [trace @img=2304] send 03 01 10  reply 03 03 10 80 aa  (status=128)
  [trace @img=2305] send 03 01 10  reply 03 03 10 80 aa  (status=128)
  [trace @img=2307] send 03 01 10  reply 03 03 10 80 aa  (status=128)
  [trace @img=2309] send 03 01 10  reply 03 03 10 80 aa  (status=128)
  [trace @img=2310] send 03 01 10  reply 03 03 10 80 aa  (status=128)
  [trace @img=2312] send 03 01 10  reply 03 03 10 80 aa  (status=128)
  [trace @img=2314] send 03 01 10  reply 03 03 10 80 aa  (status=128)
  [trace @img=2315] send 03 01 10  reply 03 03 10 80 aa  (status=128)
  [trace @img=2317] send 03 01 10  reply 03 03 10 80 aa  (status=128)
  [trace @img=2318] send 03 01 10  reply 03 03 10 80 aa  (status=128)
  [trace @img=2320] send 03 01 10  reply 03 03 10 80 aa  (status=128)
  [trace @img=2322] send 03 01 10  reply 03 03 10 80 aa  (status=128)
  [trace @img=2323] send 03 01 10  reply 03 03 10 80 aa  (status=128)
  [trace @img=2325] send 03 01 10  reply 03 03 10 80 aa  (status=128)
  [trace @img=2327] send 03 01 10  reply 03 03 10 80 aa  (status=128)
  [trace @img=2328] send 03 01 10  reply 03 03 10 80 aa  (status=128)
  [trace @img=2330] send 03 01 10  reply 03 03 10 80 aa  (status=128)
  [trace @img=2332] send 03 01 10  reply 03 03 10 80 aa  (status=128)
  [trace @img=2333] send 03 01 10  reply 03 03 10 80 aa  (status=128)
  [trace @img=2335] send 03 01 10  reply 03 03 10 80 aa  (status=128)
  [trace @img=2336] send 03 01 10  reply 03 03 10 80 aa  (status=128)
  [trace @img=2338] send 03 01 10  reply 03 03 10 80 aa  (status=128)
  [trace @img=2340] send 03 01 10  reply 03 03 10 80 aa  (status=128)
  [trace @img=2341] send 03 01 10  reply 03 03 10 80 aa  (status=128)
  [trace @img=2343] send 03 01 10  reply 03 03 10 80 aa  (status=128)
  [trace @img=2345] send 03 01 10  reply 03 03 10 80 aa  (status=128)
  [trace @img=2346] send 03 01 10  reply 03 03 10 80 aa  (status=128)
  [trace @img=2348] send 03 01 10  reply 03 03 10 80 aa  (status=128)
  [trace @img=2350] send 03 01 10  reply 03 03 10 80 aa  (status=128)
  [trace @img=2351] send 03 01 10  reply 03 03 10 80 aa  (status=128)
  [trace @img=2353] send 03 01 10  reply 03 03 10 80 aa  (status=128)
  [trace @img=2354] send 03 01 10  reply 03 03 10 80 aa  (status=128)
  [trace @img=2356] send 03 01 10  reply 03 03 10 80 aa  (status=128)
  [trace @img=2358] send 03 01 10  reply 03 03 10 80 aa  (status=128)
  [trace @img=2359] send 03 01 10  reply 03 03 10 80 aa  (status=128)
  [trace @img=2361] send 03 01 20  reply 03 02 20 00  (status=0)
  [trace @img=2362] send 03 01 10  reply 03 03 10 00 aa  (status=0)
  [trace @img=2382] send 03 01 10  reply 03 03 10 00 aa  (status=0)
  [trace @img=2404] send 03 01 10  reply 03 03 10 00 aa  (status=0)
  [trace @img=2425] send 03 01 10  reply 03 03 10 00 aa  (status=0)
  [trace @img=2446] send 03 01 10  reply 03 03 10 00 aa  (status=0)
  [trace @img=2467] send 03 01 10  reply 03 03 10 00 aa  (status=0)
  [trace @img=2489] send 03 01 10  reply 03 03 10 00 aa  (status=0)
  [trace @img=2510] send 03 01 10  reply 03 03 10 00 aa  (status=0)
  [trace @img=2531] send 03 01 10  reply 03 03 10 00 aa  (status=0)
  [trace @img=2553] send 03 01 10  reply 03 03 10 00 aa  (status=0)
  [trace @img=2574] send 03 01 10  reply 03 03 10 00 aa  (status=0)
  [trace @img=2595] send 03 01 10  reply 03 03 10 00 aa  (status=0)
  [trace @img=2616] send 03 01 10  reply 03 03 10 00 aa  (status=0)
  [trace @img=2638] send 03 01 10  reply 03 03 10 00 aa  (status=0)
  [trace @img=2659] send 03 01 10  reply 03 03 10 00 aa  (status=0)
  [trace @img=2680] send 03 01 10  reply 03 03 10 00 aa  (status=0)
  [trace @img=2701] send 03 01 10  reply 03 03 10 00 aa  (status=0)
  [trace @img=2723] send 03 01 10  reply 03 03 10 00 aa  (status=0)
  [trace @img=2744] send 03 01 10  reply 03 03 10 00 aa  (status=0)
  [trace @img=2765] send 03 01 10  reply 03 03 10 00 aa  (status=0)
  [trace @img=2786] send 03 01 10  reply 03 03 10 00 aa  (status=0)
  [trace @img=2808] send 03 01 10  reply 03 03 10 00 aa  (status=0)
  [trace @img=2829] send 03 01 10  reply 03 03 10 00 aa  (status=0)
  [trace @img=2850] send 03 01 10  reply 03 03 10 00 aa  (status=0)
  [trace @img=2872] send 03 01 10  reply 03 03 10 00 aa  (status=0)
  [trace @img=2893] send 03 01 10  reply 03 03 10 00 aa  (status=0)
  [trace @img=2914] send 03 01 10  reply 03 03 10 00 aa  (status=0)
  [trace @img=2936] send 03 01 10  reply 03 03 10 00 aa  (status=0)
  [trace @img=2957] send 03 01 10  reply 03 03 10 00 aa  (status=0)
  [trace @img=2978] send 03 01 10  reply 03 03 10 00 aa  (status=0)
  ... 3000 image reads, 61419520 bytes
  [trace @img=3000] send 03 01 10  reply 03 03 10 00 aa  (status=0)
  [trace @img=3021] send 03 01 10  reply 03 03 10 00 aa  (status=0)
  [trace @img=3042] send 03 01 10  reply 03 03 10 00 aa  (status=0)
  [trace @img=3063] send 03 01 10  reply 03 03 10 00 aa  (status=0)
  [trace @img=3085] send 03 01 10  reply 03 03 10 00 aa  (status=0)
  [trace @img=3106] send 03 01 10  reply 03 03 10 00 aa  (status=0)
  [trace @img=3127] send 03 01 10  reply 03 03 10 00 aa  (status=0)
  [trace @img=3149] send 03 01 10  reply 03 03 10 00 aa  (status=0)
  [trace @img=3170] send 03 01 10  reply 03 03 10 00 aa  (status=0)
  [trace @img=3191] send 03 01 10  reply 03 03 10 00 aa  (status=0)
  [trace @img=3212] send 03 01 10  reply 03 03 10 00 aa  (status=0)
  [trace @img=3234] send 03 01 10  reply 03 03 10 00 aa  (status=0)
  [trace @img=3255] send 03 01 10  reply 03 03 10 00 aa  (status=0)
  [trace @img=3276] send 03 01 10  reply 03 03 10 00 aa  (status=0)
  [trace @img=3297] send 03 01 10  reply 03 03 10 00 aa  (status=0)
  [trace @img=3319] send 03 01 10  reply 03 03 10 00 aa  (status=0)
  [trace @img=3340] send 03 01 10  reply 03 03 10 00 aa  (status=0)
  [trace @img=3361] send 03 01 10  reply 03 03 10 00 aa  (status=0)
  [trace @img=3382] send 03 01 10  reply 03 03 10 00 aa  (status=0)
  [trace @img=3404] send 03 01 10  reply 03 03 10 00 aa  (status=0)
  [trace @img=3425] send 03 01 10  reply 03 03 10 00 aa  (status=0)
  [trace @img=3446] send 03 01 10  reply 03 03 10 00 aa  (status=0)
  [trace @img=3468] send 03 01 10  reply 03 03 10 00 aa  (status=0)
  [trace @img=3489] send 03 01 10  reply 03 03 10 00 aa  (status=0)
  [trace @img=3510] send 03 01 10  reply 03 03 10 00 aa  (status=0)
  [trace @img=3532] send 03 01 10  reply 03 03 10 00 aa  (status=0)
  [trace @img=3553] send 03 01 10  reply 03 03 10 00 aa  (status=0)
  [trace @img=3574] send 03 01 10  reply 03 03 10 00 aa  (status=0)
  [trace @img=3595] send 03 01 10  reply 03 03 10 00 aa  (status=0)
  [trace @img=3617] send 03 01 10  reply 03 03 10 00 aa  (status=0)
  [trace @img=3638] send 03 01 10  reply 03 03 10 00 aa  (status=0)
  [trace @img=3659] send 03 01 10  reply 03 03 10 00 aa  (status=0)
  [trace @img=3680] send 03 01 10  reply 03 03 10 00 aa  (status=0)
  [trace @img=3702] send 03 01 10  reply 03 03 10 00 aa  (status=0)
  [trace @img=3723] send 03 01 10  reply 03 03 10 00 aa  (status=0)
  [trace @img=3744] send 03 01 10  reply 03 03 10 00 aa  (status=0)
  [trace @img=3765] send 03 01 10  reply 03 03 10 00 aa  (status=0)
  [trace @img=3787] send 03 01 10  reply 03 03 10 00 aa  (status=0)
  [trace @img=3808] send 03 01 10  reply 03 03 10 00 aa  (status=0)
  [trace @img=3829] send 03 01 10  reply 03 03 10 00 aa  (status=0)
  [trace @img=3851] send 03 01 10  reply 03 03 10 00 aa  (status=0)
  [trace @img=3872] send 03 01 10  reply 03 03 10 00 aa  (status=0)
  [trace @img=3893] send 03 01 10  reply 03 03 10 00 aa  (status=0)
  [trace @img=3914] send 03 01 10  reply 03 03 10 00 aa  (status=0)
  [trace @img=3936] send 03 01 10  reply 03 03 10 00 aa  (status=0)
  [trace @img=3957] send 03 01 10  reply 03 03 10 00 aa  (status=0)
  [trace @img=3978] send 03 01 10  reply 03 03 10 00 aa  (status=0)
  ... 4000 image reads, 81899520 bytes
  [trace @img=4000] send 03 01 10  reply 03 03 10 00 aa  (status=0)
  [trace @img=4021] send 03 01 10  reply 03 03 10 00 aa  (status=0)
  [trace @img=4042] send 03 01 10  reply 03 03 10 00 aa  (status=0)
  [trace @img=4064] send 03 01 10  reply 03 03 10 00 aa  (status=0)
  [trace @img=4085] send 03 01 10  reply 03 03 10 00 aa  (status=0)
  [trace @img=4106] send 03 01 10  reply 03 03 10 00 aa  (status=0)
  [trace @img=4127] send 03 01 10  reply 03 03 10 00 aa  (status=0)
  [trace @img=4148] send 03 01 10  reply 03 03 10 00 aa  (status=0)
  [trace @img=4170] send 03 01 10  reply 03 03 10 00 aa  (status=0)
  [trace @img=4191] send 03 01 10  reply 03 03 10 00 aa  (status=0)
  [trace @img=4212] send 03 01 10  reply 03 03 10 00 aa  (status=0)
  [trace @img=4234] send 03 01 10  reply 03 03 10 00 aa  (status=0)
  [trace @img=4255] send 03 01 10  reply 03 03 10 00 aa  (status=0)
  [trace @img=4276] send 03 01 10  reply 03 03 10 00 aa  (status=0)
  [trace @img=4297] send 03 01 10  reply 03 03 10 00 aa  (status=0)
  [trace @img=4319] send 03 01 10  reply 03 03 10 00 aa  (status=0)
  [trace @img=4340] send 03 01 10  reply 03 03 10 00 aa  (status=0)
  [trace @img=4361] send 03 01 10  reply 03 03 10 00 aa  (status=0)
  [trace @img=4383] send 03 01 10  reply 03 03 10 80 aa  (status=128)
  [trace @img=4404] send 03 01 10  reply 03 03 10 80 aa  (status=128)
  [trace @img=4425] send 03 01 10  reply 03 03 10 80 aa  (status=128)
  [trace @img=4446] send 03 01 10  reply 03 03 10 80 aa  (status=128)
  [trace @img=4468] send 03 01 10  reply 03 03 10 80 aa  (status=128)
  [trace @img=4489] send 03 01 10  reply 03 03 10 80 aa  (status=128)
  [trace @img=4510] send 03 01 10  reply 03 03 10 80 aa  (status=128)
  [trace @img=4532] send 03 01 10  reply 03 03 10 80 aa  (status=128)
  [trace @img=4553] send 03 01 10  reply 03 03 10 80 aa  (status=128)
  [trace @img=4574] send 03 01 10  reply 03 03 10 80 aa  (status=128)
  [trace @img=4596] send 03 01 10  reply 03 03 10 80 aa  (status=128)
  [trace @img=4617] send 03 01 10  reply 03 03 10 80 aa  (status=128)
  [trace @img=4638] send 03 01 10  reply 03 03 10 80 aa  (status=128)
  [trace @img=4659] send 03 01 10  reply 03 03 10 80 aa  (status=128)
  [trace @img=4681] send 03 01 10  reply 03 03 10 80 aa  (status=128)
  [trace @img=4702] send 03 01 10  reply 03 03 10 80 aa  (status=128)
  [trace @img=4723] send 03 01 10  reply 03 03 10 80 aa  (status=128)
  [trace @img=4744] send 03 01 10  reply 03 03 10 80 aa  (status=128)
  [trace @img=4766] send 03 01 10  reply 03 03 10 80 aa  (status=128)
  [trace @img=4787] send 03 01 10  reply 03 03 10 80 aa  (status=128)
  [trace @img=4808] send 03 01 10  reply 03 03 10 80 aa  (status=128)
  [trace @img=4830] send 03 01 10  reply 03 03 10 80 aa  (status=128)
  [trace @img=4851] send 03 01 10  reply 03 03 10 80 aa  (status=128)
  [trace @img=4872] send 03 01 10  reply 03 03 10 80 aa  (status=128)
  [trace @img=4893] send 03 01 10  reply 03 03 10 80 aa  (status=128)
  [trace @img=4915] send 03 01 10  reply 03 03 10 80 aa  (status=128)
  [trace @img=4936] send 03 01 10  reply 03 03 10 80 aa  (status=128)
  [trace @img=4957] send 03 01 10  reply 03 03 10 80 aa  (status=128)
  [trace @img=4979] send 03 01 10  reply 03 03 10 80 aa  (status=128)
  ... 5000 image reads, 102379520 bytes
  [trace @img=5000] send 03 01 10  reply 03 03 10 80 aa  (status=128)
  [trace @img=5021] send 03 01 10  reply 03 03 10 80 aa  (status=128)
  [trace @img=5042] send 03 01 10  reply 03 03 10 80 aa  (status=128)
  [trace @img=5064] send 03 01 10  reply 03 03 10 80 aa  (status=128)
  [trace @img=5085] send 03 01 10  reply 03 03 10 80 aa  (status=128)
  [trace @img=5106] send 03 01 10  reply 03 03 10 80 aa  (status=128)
  [trace @img=5128] send 03 01 10  reply 03 03 10 80 aa  (status=128)
  [trace @img=5149] send 03 01 10  reply 03 03 10 80 aa  (status=128)
  [trace @img=5170] send 03 01 10  reply 03 03 10 80 aa  (status=128)
  [trace @img=5191] send 03 01 10  reply 03 03 10 80 aa  (status=128)
  [trace @img=5213] send 03 01 10  reply 03 03 10 80 aa  (status=128)
  [trace @img=5234] send 03 01 10  reply 03 03 10 80 aa  (status=128)
  [trace @img=5255] send 03 01 10  reply 03 03 10 80 aa  (status=128)
  [trace @img=5277] send 03 01 10  reply 03 03 10 80 aa  (status=128)
  [trace @img=5298] send 03 01 10  reply 03 03 10 80 aa  (status=128)
  [trace @img=5319] send 03 01 10  reply 03 03 10 80 aa  (status=128)
  [trace @img=5340] send 03 01 10  reply 03 03 10 80 aa  (status=128)
  [trace @img=5362] send 03 01 10  reply 03 03 10 80 aa  (status=128)
  [trace @img=5383] send 03 01 10  reply 03 03 10 80 aa  (status=128)
  [trace @img=5404] send 03 01 10  reply 03 03 10 80 aa  (status=128)
  [trace @img=5425] send 03 01 10  reply 03 03 10 80 aa  (status=128)
  [trace @img=5447] send 03 01 10  reply 03 03 10 80 aa  (status=128)
  [trace @img=5468] send 03 01 10  reply 03 03 10 80 aa  (status=128)
  [trace @img=5489] send 03 01 10  reply 03 03 10 80 aa  (status=128)
  [trace @img=5511] send 03 01 10  reply 03 03 10 80 aa  (status=128)
  [trace @img=5532] send 03 01 10  reply 03 03 10 80 aa  (status=128)
  [trace @img=5553] send 03 01 10  reply 03 03 10 80 aa  (status=128)
  [trace @img=5575] send 03 01 10  reply 03 03 10 80 aa  (status=128)
  [trace @img=5596] send 03 01 10  reply 03 03 10 80 aa  (status=128)
  [trace @img=5617] send 03 01 10  reply 03 03 10 80 aa  (status=128)
  [trace @img=5638] send 03 01 10  reply 03 03 10 80 aa  (status=128)
  [trace @img=5660] send 03 01 10  reply 03 03 10 80 aa  (status=128)
  [trace @img=5681] send 03 01 10  reply 03 03 10 80 aa  (status=128)
  [trace @img=5702] send 03 01 10  reply 03 03 10 80 aa  (status=128)
  [trace @img=5723] send 03 01 10  reply 03 03 10 80 aa  (status=128)
  [trace @img=5745] send 03 01 10  reply 03 03 10 80 aa  (status=128)
  [trace @img=5766] send 03 01 10  reply 03 03 10 80 aa  (status=128)
  [trace @img=5787] send 03 01 10  reply 03 03 10 80 aa  (status=128)
  [trace @img=5808] send 03 01 10  reply 03 03 10 80 aa  (status=128)
  [trace @img=5830] send 03 01 10  reply 03 03 10 80 aa  (status=128)
  [trace @img=5851] send 03 01 10  reply 03 03 10 80 aa  (status=128)
  [trace @img=5872] send 03 01 10  reply 03 03 10 80 aa  (status=128)
  [trace @img=5893] send 03 01 10  reply 03 03 10 80 aa  (status=128)
  [trace @img=5915] send 03 01 10  reply 03 03 10 80 aa  (status=128)
  [trace @img=5936] send 03 01 10  reply 03 03 10 80 aa  (status=128)
  [trace @img=5958] send 03 01 10  reply 03 03 10 80 aa  (status=128)
  [trace @img=5979] send 03 01 10  reply 03 03 10 80 aa  (status=128)
  ... 6000 image reads, 122859520 bytes
  [trace @img=6000] send 03 01 10  reply 03 03 10 80 aa  (status=128)
  [trace @img=6021] send 03 01 10  reply 03 03 10 80 aa  (status=128)
  [trace @img=6043] send 03 01 10  reply 03 03 10 80 aa  (status=128)
  [trace @img=6064] send 03 01 10  reply 03 03 10 80 aa  (status=128)
  [trace @img=6085] send 03 01 10  reply 03 03 10 80 aa  (status=128)
  [trace @img=6107] send 03 01 10  reply 03 03 10 80 aa  (status=128)
  [trace @img=6128] send 03 01 10  reply 03 03 10 80 aa  (status=128)
  [trace @img=6149] send 03 01 10  reply 03 03 10 80 aa  (status=128)
  [trace @img=6170] send 03 01 10  reply 03 03 10 80 aa  (status=128)
  [trace @img=6192] send 03 01 10  reply 03 03 10 80 aa  (status=128)
  [trace @img=6213] send 03 01 10  reply 03 03 10 80 aa  (status=128)
  [trace @img=6234] send 03 01 10  reply 03 03 10 80 aa  (status=128)
  [trace @img=6255] send 03 01 10  reply 03 03 10 80 aa  (status=128)
  [trace @img=6277] send 03 01 10  reply 03 03 10 80 aa  (status=128)
  [trace @img=6298] send 03 01 10  reply 03 03 10 80 aa  (status=128)
  [trace @img=6319] send 03 01 10  reply 03 03 10 80 aa  (status=128)
  [trace @img=6340] send 03 01 10  reply 03 03 10 80 aa  (status=128)
  [trace @img=6362] send 03 01 10  reply 03 03 10 80 aa  (status=128)
  [trace @img=6383] send 03 01 10  reply 03 03 10 80 aa  (status=128)
  [trace @img=6404] send 03 01 10  reply 03 03 10 80 aa  (status=128)
  [trace @img=6425] send 03 01 10  reply 03 03 10 80 aa  (status=128)
  [trace @img=6447] send 03 01 10  reply 03 03 10 80 aa  (status=128)
  [trace @img=6468] send 03 01 10  reply 03 03 10 80 aa  (status=128)
  [trace @img=6489] send 03 01 10  reply 03 03 10 80 aa  (status=128)
  [trace @img=6511] send 03 01 10  reply 03 03 10 80 aa  (status=128)
  [trace @img=6532] send 03 01 10  reply 03 03 10 80 aa  (status=128)
  [trace @img=6553] send 03 01 10  reply 03 03 10 80 aa  (status=128)
  [trace @img=6575] send 03 01 10  reply 03 03 10 80 aa  (status=128)
  [trace @img=6596] send 03 01 10  reply 03 03 10 80 aa  (status=128)
  [trace @img=6617] send 03 01 10  reply 03 03 10 80 aa  (status=128)
  [trace @img=6639] send 03 01 10  reply 03 03 10 80 aa  (status=128)
  [trace @img=6660] send 03 01 10  reply 03 03 10 80 aa  (status=128)
  [trace @img=6681] send 03 01 10  reply 03 03 10 80 aa  (status=128)
  [trace @img=6702] send 03 01 10  reply 03 03 10 80 aa  (status=128)
  [trace @img=6724] send 03 01 10  reply 03 03 10 80 aa  (status=128)
  [trace @img=6745] send 03 01 10  reply 03 03 10 80 aa  (status=128)
  [trace @img=6766] send 03 01 10  reply 03 03 10 80 aa  (status=128)
  [trace @img=6787] send 03 01 10  reply 03 03 10 80 aa  (status=128)
  [trace @img=6809] send 03 01 10  reply 03 03 10 80 aa  (status=128)
  [trace @img=6830] send 03 01 10  reply 03 03 10 80 aa  (status=128)
  [trace @img=6851] send 03 01 10  reply 03 03 10 80 aa  (status=128)
  [trace @img=6873] send 03 01 10  reply 03 03 10 80 aa  (status=128)
  [trace @img=6894] send 03 01 10  reply 03 03 10 80 aa  (status=128)
  [trace @img=6895] send 03 01 20  reply 03 02 20 80  (status=128)
  [trace @img=6896] send 03 01 10  reply 03 03 10 80 aa  (status=128)
  [trace @img=6918] send 03 01 10  reply 03 03 10 80 aa  (status=128)
  [trace @img=6940] send 03 01 10  reply 03 03 10 80 aa  (status=128)
  [trace @img=6961] send 03 01 10  reply 03 03 10 80 aa  (status=128)
  [trace @img=6982] send 03 01 10  reply 03 03 10 80 aa  (status=128)
  ... 7000 image reads, 143339520 bytes
  [trace @img=7003] send 03 01 10  reply 03 03 10 80 aa  (status=128)
  [trace @img=7051] send 03 01 10  reply 03 03 10 80 aa  (status=128)
  [trace @img=7072] send 03 01 10  reply 03 03 10 80 aa  (status=128)
  [trace @img=7093] send 03 01 10  reply 03 03 10 80 aa  (status=128)
  [trace @img=7115] send 03 01 10  reply 03 03 10 80 aa  (status=128)
  [trace @img=7136] send 03 01 10  reply 03 03 10 80 aa  (status=128)
  [trace @img=7157] send 03 01 10  reply 03 03 10 80 aa  (status=128)
  [trace @img=7179] send 03 01 10  reply 03 03 10 80 aa  (status=128)
  [trace @img=7200] send 03 01 10  reply 03 03 10 80 aa  (status=128)
  [trace @img=7221] send 03 01 10  reply 03 03 10 80 aa  (status=128)
  [trace @img=7242] send 03 01 10  reply 03 03 10 80 aa  (status=128)
  [trace @img=7264] send 03 01 10  reply 03 03 10 80 aa  (status=128)
  [trace @img=7285] send 03 01 10  reply 03 03 10 80 aa  (status=128)
  [trace @img=7306] send 03 01 10  reply 03 03 10 80 aa  (status=128)
  [trace @img=7328] send 03 01 10  reply 03 03 10 80 aa  (status=128)
  [trace @img=7349] send 03 01 10  reply 03 03 10 80 aa  (status=128)
  [trace @img=7370] send 03 01 10  reply 03 03 10 80 aa  (status=128)
  [trace @img=7392] send 03 01 10  reply 03 03 10 80 aa  (status=128)
  [trace @img=7413] send 03 01 10  reply 03 03 10 80 aa  (status=128)
  [trace @img=7434] send 03 01 10  reply 03 03 10 80 aa  (status=128)
  [trace @img=7455] send 03 01 10  reply 03 03 10 80 aa  (status=128)
  [trace @img=7477] send 03 01 10  reply 03 03 10 80 aa  (status=128)
  [trace @img=7498] send 03 01 10  reply 03 03 10 80 aa  (status=128)
  [trace @img=7519] send 03 01 10  reply 03 03 10 80 aa  (status=128)
  [trace @img=7540] send 03 01 10  reply 03 03 10 80 aa  (status=128)
  [trace @img=7562] send 03 01 10  reply 03 03 10 80 aa  (status=128)
  [trace @img=7583] send 03 01 10  reply 03 03 10 80 aa  (status=128)
  [trace @img=7604] send 03 01 10  reply 03 03 10 80 aa  (status=128)
  [trace @img=7625] send 03 01 10  reply 03 03 10 80 aa  (status=128)
  [trace @img=7647] send 03 01 10  reply 03 03 10 80 aa  (status=128)
  [trace @img=7668] send 03 01 10  reply 03 03 10 80 aa  (status=128)
  [trace @img=7689] send 03 01 10  reply 03 03 10 80 aa  (status=128)
  [trace @img=7711] send 03 01 10  reply 03 03 10 80 aa  (status=128)
  [trace @img=7732] send 03 01 10  reply 03 03 10 80 aa  (status=128)
  [trace @img=7753] send 03 01 10  reply 03 03 10 80 aa  (status=128)
  [trace @img=7775] send 03 01 10  reply 03 03 10 80 aa  (status=128)
  [trace @img=7796] send 03 01 10  reply 03 03 10 80 aa  (status=128)
  [trace @img=7817] send 03 01 10  reply 03 03 10 80 aa  (status=128)
  [trace @img=7839] send 03 01 10  reply 03 03 10 80 aa  (status=128)
  [trace @img=7860] send 03 01 10  reply 03 03 10 80 aa  (status=128)
  [trace @img=7881] send 03 01 10  reply 03 03 10 80 aa  (status=128)
  [trace @img=7902] send 03 01 10  reply 03 03 10 80 aa  (status=128)
  [trace @img=7924] send 03 01 10  reply 03 03 10 80 aa  (status=128)
  [trace @img=7945] send 03 01 10  reply 03 03 10 80 aa  (status=128)
  [trace @img=7966] send 03 01 10  reply 03 03 10 80 aa  (status=128)
  [trace @img=7987] send 03 01 10  reply 03 03 10 80 aa  (status=128)
  ... 8000 image reads, 163819520 bytes
  [trace @img=8009] send 03 01 10  reply 03 03 10 80 aa  (status=128)
  [trace @img=8030] send 03 01 10  reply 03 03 10 80 aa  (status=128)
  [trace @img=8051] send 03 01 10  reply 03 03 10 80 aa  (status=128)
  [trace @img=8072] send 03 01 10  reply 03 03 10 80 aa  (status=128)
  [trace @img=8094] send 03 01 10  reply 03 03 10 80 aa  (status=128)
  [trace @img=8115] send 03 01 10  reply 03 03 10 80 aa  (status=128)
  [trace @img=8136] send 03 01 10  reply 03 03 10 80 aa  (status=128)
  [trace @img=8158] send 03 01 10  reply 03 03 10 80 aa  (status=128)
  [trace @img=8179] send 03 01 10  reply 03 03 10 80 aa  (status=128)
  [trace @img=8200] send 03 01 10  reply 03 03 10 80 aa  (status=128)
  [trace @img=8221] send 03 01 10  reply 03 03 10 80 aa  (status=128)
  [trace @img=8243] send 03 01 10  reply 03 03 10 80 aa  (status=128)
  [trace @img=8264] send 03 01 10  reply 03 03 10 80 aa  (status=128)
  [trace @img=8285] send 03 01 10  reply 03 03 10 80 aa  (status=128)
  [trace @img=8307] send 03 01 10  reply 03 03 10 80 aa  (status=128)
  [trace @img=8328] send 03 01 10  reply 03 03 10 80 aa  (status=128)
  [trace @img=8349] send 03 01 10  reply 03 03 10 80 aa  (status=128)
  [trace @img=8371] send 03 01 10  reply 03 03 10 80 aa  (status=128)
  [trace @img=8392] send 03 01 10  reply 03 03 10 80 aa  (status=128)
  [trace @img=8413] send 03 01 10  reply 03 03 10 80 aa  (status=128)
  [trace @img=8434] send 03 01 10  reply 03 03 10 80 aa  (status=128)
  [trace @img=8456] send 03 01 10  reply 03 03 10 80 aa  (status=128)
  [trace @img=8477] send 03 01 10  reply 03 03 10 80 aa  (status=128)
  [trace @img=8498] send 03 01 10  reply 03 03 10 80 aa  (status=128)
  [trace @img=8519] send 03 01 10  reply 03 03 10 80 aa  (status=128)
  [trace @img=8541] send 03 01 10  reply 03 03 10 80 aa  (status=128)
  [trace @img=8562] send 03 01 10  reply 03 03 10 80 aa  (status=128)
  [trace @img=8583] send 03 01 10  reply 03 03 10 80 aa  (status=128)
  [trace @img=8604] send 03 01 10  reply 03 03 10 80 aa  (status=128)
  [trace @img=8626] send 03 01 10  reply 03 03 10 80 aa  (status=128)
  [trace @img=8647] send 03 01 10  reply 03 03 10 80 aa  (status=128)
  [trace @img=8668] send 03 01 10  reply 03 03 10 80 aa  (status=128)
  [trace @img=8690] send 03 01 10  reply 03 03 10 80 aa  (status=128)
  [trace @img=8711] send 03 01 10  reply 03 03 10 80 aa  (status=128)
  [trace @img=8732] send 03 01 10  reply 03 03 10 80 aa  (status=128)
  [trace @img=8753] send 03 01 10  reply 03 03 10 80 aa  (status=128)
  [trace @img=8775] send 03 01 10  reply 03 03 10 80 aa  (status=128)
  [trace @img=8796] send 03 01 10  reply 03 03 10 80 aa  (status=128)
  [trace @img=8817] send 03 01 10  reply 03 03 10 80 aa  (status=128)
  [trace @img=8839] send 03 01 10  reply 03 03 10 80 aa  (status=128)
  [trace @img=8860] send 03 01 10  reply 03 03 10 80 aa  (status=128)
  [trace @img=8881] send 03 01 10  reply 03 03 10 80 aa  (status=128)
  [trace @img=8903] send 03 01 10  reply 03 03 10 80 aa  (status=128)
  [trace @img=8924] send 03 01 10  reply 03 03 10 80 aa  (status=128)
  [trace @img=8945] send 03 01 10  reply 03 03 10 80 aa  (status=128)
  [trace @img=8966] send 03 01 10  reply 03 03 10 80 aa  (status=128)
  [trace @img=8988] send 03 01 10  reply 03 03 10 80 aa  (status=128)
  ... 9000 image reads, 184299520 bytes
  [trace @img=9009] send 03 01 10  reply 03 03 10 80 aa  (status=128)
  [trace @img=9030] send 03 01 10  reply 03 03 10 80 aa  (status=128)
  [trace @img=9051] send 03 01 10  reply 03 03 10 80 aa  (status=128)
  [trace @img=9073] send 03 01 10  reply 03 03 10 80 aa  (status=128)
  [trace @img=9094] send 03 01 10  reply 03 03 10 80 aa  (status=128)
  [trace @img=9115] send 03 01 10  reply 03 03 10 80 aa  (status=128)
  [trace @img=9136] send 03 01 10  reply 03 03 10 80 aa  (status=128)
  [trace @img=9158] send 03 01 10  reply 03 03 10 80 aa  (status=128)
  [trace @img=9179] send 03 01 10  reply 03 03 10 80 aa  (status=128)
  [trace @img=9200] send 03 01 10  reply 03 03 10 80 aa  (status=128)
  [trace @img=9222] send 03 01 10  reply 03 03 10 80 aa  (status=128)
  [trace @img=9243] send 03 01 10  reply 03 03 10 80 aa  (status=128)
  [trace @img=9264] send 03 01 10  reply 03 03 10 80 aa  (status=128)
  [trace @img=9285] send 03 01 10  reply 03 03 10 80 aa  (status=128)
  [trace @img=9307] send 03 01 10  reply 03 03 10 80 aa  (status=128)
  [trace @img=9328] send 03 01 10  reply 03 03 10 80 aa  (status=128)
  [trace @img=9350] send 03 01 10  reply 03 03 10 80 aa  (status=128)
  [trace @img=9371] send 03 01 10  reply 03 03 10 80 aa  (status=128)
  [trace @img=9392] send 03 01 10  reply 03 03 10 80 aa  (status=128)
  [trace @img=9413] send 03 01 10  reply 03 03 10 80 aa  (status=128)
  [trace @img=9434] send 03 01 10  reply 03 03 10 80 aa  (status=128)
  [trace @img=9456] send 03 01 10  reply 03 03 10 80 aa  (status=128)
  [trace @img=9477] send 03 01 10  reply 03 03 10 80 aa  (status=128)
  [trace @img=9498] send 03 01 10  reply 03 03 10 80 aa  (status=128)
  [trace @img=9520] send 03 01 10  reply 03 03 10 80 aa  (status=128)
  [trace @img=9541] send 03 01 10  reply 03 03 10 80 aa  (status=128)
  [trace @img=9562] send 03 01 10  reply 03 03 10 80 aa  (status=128)
  [trace @img=9583] send 03 01 10  reply 03 03 10 80 aa  (status=128)
  [trace @img=9604] send 03 01 10  reply 03 03 10 80 aa  (status=128)
  [trace @img=9626] send 03 01 10  reply 03 03 10 80 aa  (status=128)
  [trace @img=9647] send 03 01 10  reply 03 03 10 80 aa  (status=128)
  [trace @img=9668] send 03 01 10  reply 03 03 10 80 aa  (status=128)
  [trace @img=9690] send 03 01 10  reply 03 03 10 80 aa  (status=128)
  [trace @img=9711] send 03 01 10  reply 03 03 10 80 aa  (status=128)
  [trace @img=9732] send 03 01 10  reply 03 03 10 80 aa  (status=128)
  [trace @img=9754] send 03 01 10  reply 03 03 10 80 aa  (status=128)
  [trace @img=9775] send 03 01 10  reply 03 03 10 80 aa  (status=128)
  [trace @img=9796] send 03 01 10  reply 03 03 10 80 aa  (status=128)
  [trace @img=9818] send 03 01 10  reply 03 03 10 80 aa  (status=128)
  [trace @img=9839] send 03 01 10  reply 03 03 10 80 aa  (status=128)
  [trace @img=9860] send 03 01 10  reply 03 03 10 80 aa  (status=128)
  [trace @img=9881] send 03 01 10  reply 03 03 10 80 aa  (status=128)
  [trace @img=9903] send 03 01 10  reply 03 03 10 80 aa  (status=128)
  [trace @img=9924] send 03 01 10  reply 03 03 10 80 aa  (status=128)
  [trace @img=9945] send 03 01 10  reply 03 03 10 80 aa  (status=128)
  [trace @img=9966] send 03 01 10  reply 03 03 10 80 aa  (status=128)
  [trace @img=9988] send 03 01 10  reply 03 03 10 80 aa  (status=128)
  ... 10000 image reads, 204779520 bytes
  [trace @img=10009] send 03 01 10  reply 03 03 10 80 aa  (status=128)
  [trace @img=10030] send 03 01 10  reply 03 03 10 80 aa  (status=128)
  [trace @img=10052] send 03 01 10  reply 03 03 10 80 aa  (status=128)
  [trace @img=10073] send 03 01 10  reply 03 03 10 80 aa  (status=128)
  [trace @img=10094] send 03 01 10  reply 03 03 10 80 aa  (status=128)
  [trace @img=10115] send 03 01 10  reply 03 03 10 80 aa  (status=128)
  [trace @img=10137] send 03 01 10  reply 03 03 10 80 aa  (status=128)
  [trace @img=10158] send 03 01 10  reply 03 03 10 80 aa  (status=128)
  [trace @img=10179] send 03 01 10  reply 03 03 10 80 aa  (status=128)
  [trace @img=10200] send 03 01 10  reply 03 03 10 80 aa  (status=128)
  [trace @img=10222] send 03 01 10  reply 03 03 10 80 aa  (status=128)
  [trace @img=10243] send 03 01 10  reply 03 03 10 80 aa  (status=128)
  [trace @img=10264] send 03 01 10  reply 03 03 10 80 aa  (status=128)
  [trace @img=10286] send 03 01 10  reply 03 03 10 80 aa  (status=128)
  [trace @img=10307] send 03 01 10  reply 03 03 10 80 aa  (status=128)
  [trace @img=10328] send 03 01 10  reply 03 03 10 80 aa  (status=128)
  [trace @img=10350] send 03 01 10  reply 03 03 10 80 aa  (status=128)
  [trace @img=10371] send 03 01 10  reply 03 03 10 80 aa  (status=128)
  [trace @img=10392] send 03 01 10  reply 03 03 10 80 aa  (status=128)
  [trace @img=10413] send 03 01 10  reply 03 03 10 80 aa  (status=128)
  [trace @img=10435] send 03 01 10  reply 03 03 10 80 aa  (status=128)
  [trace @img=10456] send 03 01 10  reply 03 03 10 80 aa  (status=128)
  [trace @img=10477] send 03 01 10  reply 03 03 10 80 aa  (status=128)
  [trace @img=10499] send 03 01 10  reply 03 03 10 80 aa  (status=128)
  [trace @img=10520] send 03 01 10  reply 03 03 10 80 aa  (status=128)
  [trace @img=10541] send 03 01 10  reply 03 03 10 80 aa  (status=128)
  [trace @img=10562] send 03 01 10  reply 03 03 10 80 aa  (status=128)
  [trace @img=10584] send 03 01 10  reply 03 03 10 80 aa  (status=128)
  [trace @img=10605] send 03 01 10  reply 03 03 10 80 aa  (status=128)
  [trace @img=10626] send 03 01 10  reply 03 03 10 80 aa  (status=128)
  [trace @img=10628] send 03 01 20  reply 03 02 20 80  (status=128)
  [trace @img=10629] send 03 01 10  reply 03 03 10 80 aa  (status=128)
  [trace @img=10649] send 03 01 10  reply 03 03 10 80 aa  (status=128)
  [trace @img=10670] send 03 01 10  reply 03 03 10 80 aa  (status=128)
  [trace @img=10692] send 03 01 10  reply 03 03 10 80 aa  (status=128)
  [trace @img=10713] send 03 01 10  reply 03 03 10 80 aa  (status=128)
  [trace @img=10734] send 03 01 10  reply 03 03 10 80 aa  (status=128)
  [trace @img=10756] send 03 01 10  reply 03 03 10 80 aa  (status=128)
  [trace @img=10777] send 03 01 10  reply 03 03 10 80 aa  (status=128)
  [trace @img=10798] send 03 01 10  reply 03 03 10 80 aa  (status=128)
  [trace @img=10819] send 03 01 10  reply 03 03 10 80 aa  (status=128)
  [trace @img=10841] send 03 01 10  reply 03 03 10 80 aa  (status=128)
  [trace @img=10862] send 03 01 10  reply 03 03 10 80 aa  (status=128)
  [trace @img=10883] send 03 01 10  reply 03 03 10 80 aa  (status=128)
  [trace @img=10904] send 03 01 10  reply 03 03 10 80 aa  (status=128)
  [trace @img=10926] send 03 01 10  reply 03 03 10 80 aa  (status=128)
  [trace @img=10947] send 03 01 10  reply 03 03 10 80 aa  (status=128)
  [trace @img=10968] send 03 01 10  reply 03 03 10 80 aa  (status=128)
  [trace @img=10990] send 03 01 10  reply 03 03 10 80 aa  (status=128)
  ... 11000 image reads, 225259520 bytes
  [trace @img=11011] send 03 01 10  reply 03 03 10 80 aa  (status=128)
  [trace @img=11032] send 03 01 10  reply 03 03 10 80 aa  (status=128)
  [trace @img=11053] send 03 01 10  reply 03 03 10 80 aa  (status=128)
  [trace @img=11075] send 03 01 10  reply 03 03 10 80 aa  (status=128)
  [trace @img=11096] send 03 01 10  reply 03 03 10 80 aa  (status=128)
  [trace @img=11117] send 03 01 10  reply 03 03 10 80 aa  (status=128)
  [trace @img=11139] send 03 01 10  reply 03 03 10 80 aa  (status=128)
  [trace @img=11160] send 03 01 10  reply 03 03 10 80 aa  (status=128)
  [trace @img=11181] send 03 01 10  reply 03 03 10 80 aa  (status=128)
  [trace @img=11202] send 03 01 10  reply 03 03 10 80 aa  (status=128)
  [trace @img=11224] send 03 01 10  reply 03 03 10 80 aa  (status=128)
  [trace @img=11245] send 03 01 10  reply 03 03 10 80 aa  (status=128)
  [trace @img=11266] send 03 01 10  reply 03 03 10 80 aa  (status=128)
  [trace @img=11287] send 03 01 10  reply 03 03 10 80 aa  (status=128)
  [trace @img=11309] send 03 01 10  reply 03 03 10 80 aa  (status=128)
  [trace @img=11330] send 03 01 10  reply 03 03 10 80 aa  (status=128)
  [trace @img=11351] send 03 01 10  reply 03 03 10 80 aa  (status=128)
  [trace @img=11373] send 03 01 10  reply 03 03 10 80 aa  (status=128)
  [trace @img=11394] send 03 01 10  reply 03 03 10 80 aa  (status=128)
  [trace @img=11415] send 03 01 10  reply 03 03 10 80 aa  (status=128)
  [trace @img=11436] send 03 01 10  reply 03 03 10 80 aa  (status=128)
  [trace @img=11458] send 03 01 10  reply 03 03 10 80 aa  (status=128)
  [trace @img=11479] send 03 01 10  reply 03 03 10 80 aa  (status=128)
  [trace @img=11500] send 03 01 10  reply 03 03 10 80 aa  (status=128)
  [trace @img=11522] send 03 01 10  reply 03 03 10 80 aa  (status=128)
  [trace @img=11543] send 03 01 10  reply 03 03 10 80 aa  (status=128)
  [trace @img=11564] send 03 01 10  reply 03 03 10 80 aa  (status=128)
  [trace @img=11585] send 03 01 10  reply 03 03 10 80 aa  (status=128)
  [trace @img=11607] send 03 01 10  reply 03 03 10 80 aa  (status=128)
  [trace @img=11628] send 03 01 10  reply 03 03 10 80 aa  (status=128)
  [trace @img=11649] send 03 01 10  reply 03 03 10 80 aa  (status=128)
  [trace @img=11671] send 03 01 10  reply 03 03 10 80 aa  (status=128)
  [trace @img=11692] send 03 01 10  reply 03 03 10 80 aa  (status=128)
  [trace @img=11713] send 03 01 10  reply 03 03 10 80 aa  (status=128)
  [trace @img=11719] send 03 01 24  reply 03 02 24 00  (status=0)
  [trace @img=11719] send 03 01 20  reply 03 02 20 80  (status=128)
  [trace @img=11719] send 04 03 20 00 8a  reply 07 02 20 00  (status=0)
  [trace @img=11719] send 03 01 20  reply 03 02 20 80  (status=128)
  [trace @img=11719] send 04 03 20 00 92  reply 07 02 20 00  (status=0)
  [trace @img=11719] send 03 01 20  reply 03 02 20 80  (status=128)
  [trace @img=11719] send 04 03 24 00 a2  reply 07 02 24 00  (status=0)
  [trace @img=11719] send 03 01 24  reply 03 02 24 00  (status=0)
  [trace @img=11719] send 03 01 10  reply 03 03 10 80 aa  (status=128)
  [trace @img=11719] send 03 01 10  reply 03 03 10 80 aa  (status=128)
  [trace @img=11719] send 03 01 24  reply 03 02 24 00  (status=0)
  [trace @img=11719] send 03 01 10  reply 03 03 10 80 aa  (status=128)
  [trace @img=11719] send 03 01 10  reply 03 03 10 80 aa  (status=128)
  [trace @img=11719] send 03 01 24  reply 03 02 24 00  (status=0)
  [trace @img=11719] send 03 01 10  reply 03 03 10 80 aa  (status=128)
  [trace @img=11719] send 03 01 10  reply 03 03 10 80 aa  (status=128)
  [trace @img=11719] send 03 01 10  reply 03 03 10 80 aa  (status=128)
  [trace @img=11719] send 03 01 10  reply 03 03 10 80 aa  (status=128)
  [trace @img=11719] send 03 01 10  reply 03 03 10 80 aa  (status=128)
  [trace @img=11719] send 03 01 10  reply 03 03 10 80 aa  (status=128)
  [trace @img=11719] send 03 01 10  reply 03 03 10 80 aa  (status=128)
  [trace @img=11719] send 03 01 10  reply 03 03 10 80 aa  (status=128)
  [trace @img=11719] send 03 01 10  reply 03 03 10 80 aa  (status=128)
  [trace @img=11719] send 03 01 10  reply 03 03 10 80 aa  (status=128)
  [trace @img=11719] send 03 01 10  reply 03 03 10 80 aa  (status=128)
  [trace @img=11719] send 03 01 10  reply 03 03 10 80 aa  (status=128)
  [trace @img=11719] send 03 01 10  reply 03 03 10 80 aa  (status=128)
  [trace @img=11719] send 03 01 10  reply 03 03 10 80 aa  (status=128)
  [trace @img=11719] send 03 01 10  reply 03 03 10 80 aa  (status=128)
  [trace @img=11719] send 03 01 10  reply 03 03 10 80 aa  (status=128)
  [trace @img=11719] send 03 01 10  reply 03 03 10 80 aa  (status=128)
  [trace @img=11719] send 03 01 10  reply 03 03 10 80 aa  (status=128)
  [trace @img=11719] send 03 01 10  reply 03 03 10 80 aa  (status=128)
  [trace @img=11719] send 03 01 10  reply 03 03 10 80 aa  (status=128)
  [trace @img=11719] send 03 01 10  reply 03 03 10 80 aa  (status=128)
  [trace @img=11719] send 03 01 10  reply 03 03 10 80 aa  (status=128)
  [trace @img=11719] send 03 01 10  reply 03 03 10 80 aa  (status=128)
  [trace @img=11719] send 03 01 10  reply 03 03 10 80 aa  (status=128)
  [trace @img=11719] send 03 01 10  reply 03 03 10 80 aa  (status=128)
  [trace @img=11719] send 03 01 10  reply 03 03 10 80 aa  (status=128)
  [trace @img=11719] send 03 01 10  reply 03 03 10 80 aa  (status=128)
  [trace @img=11719] send 03 01 10  reply 03 03 10 80 aa  (status=128)
  [trace @img=11719] send 03 01 10  reply 03 03 10 80 aa  (status=128)
  [trace @img=11719] send 03 01 10  reply 03 03 10 80 aa  (status=128)
  [trace @img=11719] send 03 01 10  reply 03 03 10 80 aa  (status=128)
  [trace @img=11719] send 03 01 10  reply 03 03 10 80 aa  (status=128)
  [trace @img=11719] send 03 01 10  reply 03 03 10 80 aa  (status=128)
  [trace @img=11719] send 03 01 10  reply 03 03 10 80 aa  (status=128)
  [trace @img=11719] send 03 01 10  reply 03 03 10 80 aa  (status=128)
  [trace @img=11719] send 03 01 10  reply 03 03 10 80 aa  (status=128)
  [trace @img=11719] send 03 01 10  reply 03 03 10 80 aa  (status=128)
  [trace @img=11719] send 03 01 10  reply 03 03 10 80 aa  (status=128)
  [trace @img=11719] send 03 01 10  reply 03 03 10 80 aa  (status=128)
  [trace @img=11719] send 03 01 10  reply 03 03 10 80 aa  (status=128)
  [trace @img=11719] send 03 01 10  reply 03 03 10 80 aa  (status=128)
  [trace @img=11719] send 03 01 10  reply 03 03 10 80 aa  (status=128)
  [trace @img=11719] send 03 01 10  reply 03 03 10 80 aa  (status=128)
  [trace @img=11719] send 03 01 10  reply 03 03 10 80 aa  (status=128)
  [trace @img=11719] send 03 01 10  reply 03 03 10 80 aa  (status=128)
  [trace @img=11719] send 03 01 10  reply 03 03 10 80 aa  (status=128)
  [trace @img=11719] send 03 01 10  reply 03 03 10 80 aa  (status=128)
  [trace @img=11719] send 03 01 10  reply 03 03 10 80 aa  (status=128)
  [trace @img=11719] send 03 01 10  reply 03 03 10 80 aa  (status=128)
  [trace @img=11719] send 03 01 10  reply 03 03 10 80 aa  (status=128)
  [trace @img=11719] send 03 01 10  reply 03 03 10 80 aa  (status=128)
  [trace @img=11719] send 03 01 10  reply 03 03 10 80 aa  (status=128)
  [trace @img=11719] send 03 01 10  reply 03 03 10 80 aa  (status=128)
  [trace @img=11719] send 03 01 10  reply 03 03 10 80 aa  (status=128)
  [trace @img=11719] send 03 01 10  reply 03 03 10 80 aa  (status=128)
  [trace @img=11719] send 03 01 10  reply 03 03 10 80 aa  (status=128)
  [trace @img=11719] send 03 01 10  reply 03 03 10 80 aa  (status=128)
  [trace @img=11719] send 03 01 20  reply 03 02 20 00  (status=0)
  [trace @img=11719] send 03 01 10  reply 03 03 10 00 aa  (status=0)
  [trace @img=11719] send 03 01 10  reply 03 03 10 00 aa  (status=0)
  [trace @img=11719] send 03 01 10  reply 03 03 10 00 aa  (status=0)
  [trace @img=11719] send 03 01 10  reply 03 03 10 00 aa  (status=0)
  [trace @img=11719] send 03 01 10  reply 03 03 10 00 aa  (status=0)
  [trace @img=11719] send 03 01 10  reply 03 03 10 00 aa  (status=0)
  [trace @img=11719] send 03 01 10  reply 03 03 10 00 aa  (status=0)
  [trace @img=11719] send 03 01 10  reply 03 03 10 00 aa  (status=0)
  [trace @img=11719] send 03 01 10  reply 03 03 10 00 aa  (status=0)
  [trace @img=11719] send 03 01 10  reply 03 03 10 00 aa  (status=0)
  [trace @img=11719] send 03 01 10  reply 03 03 10 00 aa  (status=0)
  [trace @img=11719] send 03 01 10  reply 03 03 10 00 aa  (status=0)
  [trace @img=11719] send 03 01 10  reply 03 03 10 00 aa  (status=0)
  [trace @img=11719] send 03 01 10  reply 03 03 10 00 aa  (status=0)
  [trace @img=11719] send 03 01 10  reply 03 03 10 00 aa  (status=0)
  [trace @img=11719] send 03 01 10  reply 03 03 10 00 aa  (status=0)
  [trace @img=11719] send 03 01 10  reply 03 03 10 00 aa  (status=0)
  [trace @img=11719] send 03 01 10  reply 03 03 10 00 aa  (status=0)
  [trace @img=11719] send 03 01 10  reply 03 03 10 00 aa  (status=0)
  [trace @img=11719] send 03 01 10  reply 03 03 10 00 aa  (status=0)
  [trace @img=11719] send 03 01 10  reply 03 03 10 00 aa  (status=0)
  [trace @img=11719] send 03 01 10  reply 03 03 10 00 aa  (status=0)
  [trace @img=11719] send 03 01 10  reply 03 03 10 00 aa  (status=0)
  [trace @img=11719] send 03 01 10  reply 03 03 10 00 aa  (status=0)
  [trace @img=11719] send 03 01 10  reply 03 03 10 00 aa  (status=0)
  [trace @img=11719] send 03 01 10  reply 03 03 10 00 aa  (status=0)
  [trace @img=11719] send 03 01 10  reply 03 03 10 00 aa  (status=0)
  [trace @img=11719] send 03 01 10  reply 03 03 10 00 aa  (status=0)
  [trace @img=11719] send 03 01 10  reply 03 03 10 00 aa  (status=0)
  [trace @img=11719] send 03 01 10  reply 03 03 10 00 aa  (status=0)
  [trace @img=11719] send 03 01 10  reply 03 03 10 00 aa  (status=0)
  [trace @img=11719] send 03 01 10  reply 03 03 10 00 aa  (status=0)
  [trace @img=11719] send 03 01 10  reply 03 03 10 00 aa  (status=0)
  [trace @img=11719] send 03 01 10  reply 03 03 10 00 aa  (status=0)
  [trace @img=11719] send 03 01 10  reply 03 03 10 00 aa  (status=0)
  [trace @img=11719] send 03 01 10  reply 03 03 10 00 aa  (status=0)
  [trace @img=11719] send 03 01 10  reply 03 03 10 00 aa  (status=0)
  [trace @img=11719] send 03 01 10  reply 03 03 10 00 aa  (status=0)
  [trace @img=11719] send 03 01 10  reply 03 03 10 00 aa  (status=0)
  [trace @img=11719] send 03 01 10  reply 03 03 10 00 aa  (status=0)
  [trace @img=11719] send 03 01 10  reply 03 03 10 00 aa  (status=0)
  [trace @img=11719] send 03 01 10  reply 03 03 10 00 aa  (status=0)
  [trace @img=11719] send 03 01 10  reply 03 03 10 00 aa  (status=0)
  [trace @img=11719] send 03 01 10  reply 03 03 10 00 aa  (status=0)
  [trace @img=11719] send 03 01 10  reply 03 03 10 00 aa  (status=0)
  [trace @img=11719] send 03 01 10  reply 03 03 10 00 aa  (status=0)
  [trace @img=11719] send 03 01 10  reply 03 03 10 00 aa  (status=0)
  [trace @img=11719] send 03 01 10  reply 03 03 10 00 aa  (status=0)
  [trace @img=11719] send 03 01 10  reply 03 03 10 00 aa  (status=0)
  [trace @img=11719] send 03 01 10  reply 03 03 10 00 aa  (status=0)
  [trace @img=11719] send 03 01 10  reply 03 03 10 00 aa  (status=0)
  [trace @img=11719] send 03 01 10  reply 03 03 10 00 aa  (status=0)
  [trace @img=11719] send 03 01 10  reply 03 03 10 00 aa  (status=0)
  [trace @img=11719] send 03 01 10  reply 03 03 10 00 aa  (status=0)
  [trace @img=11719] send 03 01 10  reply 03 03 10 00 aa  (status=0)
  [trace @img=11719] send 03 01 10  reply 03 03 10 00 aa  (status=0)
  [trace @img=11719] send 03 01 10  reply 03 03 10 00 aa  (status=0)
  [trace @img=11719] send 03 01 10  reply 03 03 10 00 aa  (status=0)
  [trace @img=11719] send 03 01 10  reply 03 03 10 00 aa  (status=0)
  [trace @img=11719] send 03 01 10  reply 03 03 10 00 aa  (status=0)
  [trace @img=11719] send 03 01 10  reply 03 03 10 00 aa  (status=0)
  [trace @img=11719] send 03 01 10  reply 03 03 10 00 aa  (status=0)
  [trace @img=11719] send 03 01 10  reply 03 03 10 00 aa  (status=0)
  [trace @img=11719] send 03 01 10  reply 03 03 10 00 aa  (status=0)
  [trace @img=11719] send 03 01 10  reply 03 03 10 00 aa  (status=0)
  [trace @img=11719] send 03 01 10  reply 03 03 10 00 aa  (status=0)
  [trace @img=11719] send 03 01 10  reply 03 03 10 00 aa  (status=0)
  [trace @img=11719] send 03 01 10  reply 03 03 10 00 aa  (status=0)
  [trace @img=11719] send 03 01 10  reply 03 03 10 00 aa  (status=0)
  [trace @img=11719] send 03 01 10  reply 03 03 10 00 aa  (status=0)
  [trace @img=11719] send 03 01 10  reply 03 03 10 00 aa  (status=0)
  [trace @img=11719] send 03 01 10  reply 03 03 10 00 aa  (status=0)
  [trace @img=11719] send 03 01 10  reply 03 03 10 00 aa  (status=0)
  [trace @img=11719] send 03 01 10  reply 03 03 10 00 aa  (status=0)
  [trace @img=11719] send 03 01 10  reply 03 03 10 00 aa  (status=0)
  [trace @img=11719] send 03 01 10  reply 03 03 10 00 aa  (status=0)
  [trace @img=11719] send 03 01 10  reply 03 03 10 00 aa  (status=0)
  [trace @img=11719] send 03 01 10  reply 03 03 10 00 aa  (status=0)
  [trace @img=11719] send 03 01 10  reply 03 03 10 00 aa  (status=0)
  [trace @img=11719] send 03 01 10  reply 03 03 10 00 aa  (status=0)
  [trace @img=11719] send 03 01 10  reply 03 03 10 00 aa  (status=0)
  [trace @img=11719] send 03 01 10  reply 03 03 10 00 aa  (status=0)
  [trace @img=11719] send 03 01 10  reply 03 03 10 00 aa  (status=0)
  [trace @img=11719] send 03 01 10  reply 03 03 10 00 aa  (status=0)
  [trace @img=11719] send 03 01 10  reply 03 03 10 00 aa  (status=0)
  [trace @img=11719] send 03 01 10  reply 03 03 10 00 aa  (status=0)
  [trace @img=11719] send 03 01 10  reply 03 03 10 00 aa  (status=0)
  [trace @img=11719] send 03 01 10  reply 03 03 10 00 aa  (status=0)
  [trace @img=11719] send 03 01 10  reply 03 03 10 00 aa  (status=0)
  [trace @img=11719] send 03 01 10  reply 03 03 10 00 aa  (status=0)
  [trace @img=11719] send 03 01 10  reply 03 03 10 00 aa  (status=0)
  [trace @img=11719] send 03 01 10  reply 03 03 10 00 aa  (status=0)
  [trace @img=11719] send 03 01 10  reply 03 03 10 00 aa  (status=0)
  [trace @img=11719] send 03 01 10  reply 03 03 10 00 aa  (status=0)
  [trace @img=11719] send 03 01 10  reply 03 03 10 00 aa  (status=0)
  [trace @img=11719] send 03 01 10  reply 03 03 10 00 aa  (status=0)
  [trace @img=11719] send 03 01 10  reply 03 03 10 00 aa  (status=0)
  [trace @img=11719] send 03 01 10  reply 03 03 10 00 aa  (status=0)
  [trace @img=11719] send 03 01 10  reply 03 03 10 00 aa  (status=0)
  [trace @img=11719] send 03 01 10  reply 03 03 10 00 aa  (status=0)
  [trace @img=11719] send 03 01 10  reply 03 03 10 00 aa  (status=0)
  [trace @img=11719] send 03 01 10  reply 03 03 10 00 aa  (status=0)
  [trace @img=11719] send 03 01 10  reply 03 03 10 00 aa  (status=0)
  [trace @img=11719] send 03 01 10  reply 03 03 10 00 aa  (status=0)
  [trace @img=11719] send 03 01 10  reply 03 03 10 00 aa  (status=0)
  [trace @img=11719] send 03 01 10  reply 03 03 10 00 aa  (status=0)
  [trace @img=11719] send 03 01 10  reply 03 03 10 00 aa  (status=0)
  [trace @img=11719] send 03 01 10  reply 03 03 10 00 aa  (status=0)
  [trace @img=11719] send 03 01 10  reply 03 03 10 00 aa  (status=0)
  [trace @img=11719] send 03 01 10  reply 03 03 10 00 aa  (status=0)
  [trace @img=11719] send 03 01 10  reply 03 03 10 00 aa  (status=0)
  [trace @img=11719] send 03 01 10  reply 03 03 10 00 aa  (status=0)
  [trace @img=11719] send 03 01 10  reply 03 03 10 00 aa  (status=0)
  [trace @img=11719] send 03 01 10  reply 03 03 10 00 aa  (status=0)
  [trace @img=11719] send 03 01 10  reply 03 03 10 00 aa  (status=0)
  [trace @img=11719] send 03 01 10  reply 03 03 10 00 aa  (status=0)
  [trace @img=11719] send 03 01 10  reply 03 03 10 00 aa  (status=0)
  [trace @img=11719] send 03 01 10  reply 03 03 10 00 aa  (status=0)
  [trace @img=11719] send 03 01 10  reply 03 03 10 00 aa  (status=0)
  [trace @img=11719] send 03 01 10  reply 03 03 10 00 aa  (status=0)
  [trace @img=11719] send 03 01 10  reply 03 03 10 00 aa  (status=0)
  [trace @img=11719] send 03 01 10  reply 03 03 10 00 aa  (status=0)
  [trace @img=11719] send 03 01 10  reply 03 03 10 00 aa  (status=0)
  [trace @img=11719] send 03 01 10  reply 03 03 10 00 aa  (status=0)
  [trace @img=11719] send 03 01 10  reply 03 03 10 00 aa  (status=0)
  [trace @img=11719] send 03 01 10  reply 03 03 10 00 aa  (status=0)
  [trace @img=11719] send 03 01 10  reply 03 03 10 00 aa  (status=0)
  [trace @img=11719] send 03 01 10  reply 03 03 10 00 aa  (status=0)
  [trace @img=11719] send 03 01 10  reply 03 03 10 00 aa  (status=0)
  [trace @img=11719] send 03 01 10  reply 03 03 10 00 aa  (status=0)
  [trace @img=11719] send 03 01 10  reply 03 03 10 00 aa  (status=0)
  [trace @img=11719] send 03 01 10  reply 03 03 10 00 aa  (status=0)
  [trace @img=11719] send 03 01 10  reply 03 03 10 00 aa  (status=0)
  [trace @img=11719] send 03 01 10  reply 03 03 10 00 aa  (status=0)
  [trace @img=11719] send 03 01 10  reply 03 03 10 00 aa  (status=0)
  [trace @img=11719] send 03 01 10  reply 03 03 10 00 aa  (status=0)
  [trace @img=11719] send 03 01 10  reply 03 03 10 00 aa  (status=0)
  [trace @img=11719] send 03 01 10  reply 03 03 10 00 aa  (status=0)
  [trace @img=11719] send 03 01 10  reply 03 03 10 00 aa  (status=0)
  [trace @img=11719] send 03 01 10  reply 03 03 10 00 aa  (status=0)
  [trace @img=11719] send 03 01 10  reply 03 03 10 00 aa  (status=0)
  [trace @img=11719] send 03 01 10  reply 03 03 10 00 aa  (status=0)
  [trace @img=11719] send 03 01 10  reply 03 03 10 00 aa  (status=0)
  [trace @img=11719] send 03 01 10  reply 03 03 10 00 aa  (status=0)
  [trace @img=11719] send 03 01 10  reply 03 03 10 00 aa  (status=0)
  [trace @img=11719] send 03 01 10  reply 03 03 10 00 aa  (status=0)
  [trace @img=11719] send 03 01 10  reply 03 03 10 00 aa  (status=0)
  [trace @img=11719] send 03 01 10  reply 03 03 10 00 aa  (status=0)
  [trace @img=11719] send 03 01 10  reply 03 03 10 00 aa  (status=0)
  [trace @img=11719] send 03 01 10  reply 03 03 10 00 aa  (status=0)
  [trace @img=11719] send 03 01 10  reply 03 03 10 00 aa  (status=0)
  [trace @img=11719] send 03 01 10  reply 03 03 10 00 aa  (status=0)
  [trace @img=11719] send 03 01 10  reply 03 03 10 00 aa  (status=0)
  [trace @img=11719] send 03 01 10  reply 03 03 10 00 aa  (status=0)
  [trace @img=11719] send 03 01 10  reply 03 03 10 00 aa  (status=0)
  [trace @img=11719] send 03 01 10  reply 03 03 10 00 aa  (status=0)
  [trace @img=11719] send 03 01 10  reply 03 03 10 00 aa  (status=0)
  [trace @img=11719] send 03 01 10  reply 03 03 10 00 aa  (status=0)
  [trace @img=11719] send 03 01 10  reply 03 03 10 00 aa  (status=0)
  [trace @img=11719] send 03 01 10  reply 03 03 10 00 aa  (status=0)
  [trace @img=11719] send 03 01 10  reply 03 03 10 00 aa  (status=0)
  [trace @img=11719] send 03 01 10  reply 03 03 10 00 aa  (status=0)
  [trace @img=11719] send 03 01 10  reply 03 03 10 00 aa  (status=0)
  [trace @img=11719] send 03 01 10  reply 03 03 10 00 aa  (status=0)
  [trace @img=11719] send 03 01 10  reply 03 03 10 00 aa  (status=0)
  [trace @img=11719] send 03 01 10  reply 03 03 10 00 aa  (status=0)
  [trace @img=11719] send 03 01 10  reply 03 03 10 00 aa  (status=0)
  [trace @img=11719] send 03 01 10  reply 03 03 10 00 aa  (status=0)
  [trace @img=11719] send 03 01 10  reply 03 03 10 00 aa  (status=0)
  [trace @img=11719] send 03 01 10  reply 03 03 10 00 aa  (status=0)
  [trace @img=11719] send 03 01 10  reply 03 03 10 00 aa  (status=0)
  [trace @img=11719] send 03 01 10  reply 03 03 10 00 aa  (status=0)
  [trace @img=11719] send 03 01 10  reply 03 03 10 00 aa  (status=0)
  [trace @img=11719] send 03 01 10  reply 03 03 10 00 aa  (status=0)
  [trace @img=11719] send 03 01 10  reply 03 03 10 00 aa  (status=0)
  [trace @img=11719] send 03 01 10  reply 03 03 10 00 aa  (status=0)
  [trace @img=11719] send 03 01 10  reply 03 03 10 00 aa  (status=0)
  [trace @img=11719] send 03 01 10  reply 03 03 10 00 aa  (status=0)
  [trace @img=11719] send 03 01 10  reply 03 03 10 00 aa  (status=0)
  [trace @img=11719] send 03 01 10  reply 03 03 10 00 aa  (status=0)
  [trace @img=11719] send 03 01 10  reply 03 03 10 00 aa  (status=0)
  [trace @img=11719] send 03 01 10  reply 03 03 10 00 aa  (status=0)
  [trace @img=11719] send 03 01 10  reply 03 03 10 00 aa  (status=0)
  [trace @img=11719] send 03 01 10  reply 03 03 10 00 aa  (status=0)
  [trace @img=11719] send 03 01 10  reply 03 03 10 00 aa  (status=0)
  [trace @img=11719] send 03 01 10  reply 03 03 10 00 aa  (status=0)
  [trace @img=11719] send 03 01 10  reply 03 03 10 00 aa  (status=0)
  [trace @img=11719] send 03 01 10  reply 03 03 10 00 aa  (status=0)
  [trace @img=11719] send 03 01 10  reply 03 03 10 00 aa  (status=0)
  [trace @img=11719] send 03 01 10  reply 03 03 10 00 aa  (status=0)
  [trace @img=11719] send 03 01 10  reply 03 03 10 00 aa  (status=0)
  [trace @img=11719] send 03 01 10  reply 03 03 10 00 aa  (status=0)
  [trace @img=11719] send 03 01 10  reply 03 03 10 00 aa  (status=0)
  [trace @img=11719] send 03 01 10  reply 03 03 10 00 aa  (status=0)
  [trace @img=11719] send 03 01 10  reply 03 03 10 00 aa  (status=0)
  [trace @img=11719] send 03 01 10  reply 03 03 10 00 aa  (status=0)
  [trace @img=11719] send 03 01 10  reply 03 03 10 00 aa  (status=0)
  [trace @img=11719] send 03 01 10  reply 03 03 10 00 aa  (status=0)
  [trace @img=11719] send 03 01 10  reply 03 03 10 00 aa  (status=0)
  [trace @img=11719] send 03 01 10  reply 03 03 10 00 aa  (status=0)
  [trace @img=11719] send 03 01 10  reply 03 03 10 00 aa  (status=0)
  [trace @img=11719] send 03 01 10  reply 03 03 10 00 aa  (status=0)
  [trace @img=11719] send 03 01 10  reply 03 03 10 00 aa  (status=0)
  [trace @img=11719] send 03 01 10  reply 03 03 10 00 aa  (status=0)
  [trace @img=11719] send 03 01 10  reply 03 03 10 00 aa  (status=0)
  [trace @img=11719] send 03 01 10  reply 03 03 10 00 aa  (status=0)
  [trace @img=11719] send 03 01 10  reply 03 03 10 00 aa  (status=0)
  [trace @img=11719] send 03 01 10  reply 03 03 10 00 aa  (status=0)
  [trace @img=11719] send 03 01 10  reply 03 03 10 00 aa  (status=0)
  [trace @img=11719] send 03 01 10  reply 03 03 10 00 aa  (status=0)
  [trace @img=11719] send 03 01 10  reply 03 03 10 00 aa  (status=0)
  [trace @img=11719] send 03 01 10  reply 03 03 10 00 aa  (status=0)
  [trace @img=11719] send 03 01 10  reply 03 03 10 00 aa  (status=0)
  [trace @img=11719] send 03 01 10  reply 03 03 10 00 aa  (status=0)
  [trace @img=11719] send 03 01 10  reply 03 03 10 00 aa  (status=0)
  [trace @img=11719] send 03 01 10  reply 03 03 10 00 aa  (status=0)
  [trace @img=11719] send 03 01 10  reply 03 03 10 00 aa  (status=0)
  [trace @img=11719] send 03 01 10  reply 03 03 10 00 aa  (status=0)
  [trace @img=11719] send 03 01 10  reply 03 03 10 00 aa  (status=0)
  [trace @img=11719] send 03 01 10  reply 03 03 10 00 aa  (status=0)
  [trace @img=11719] send 03 01 10  reply 03 03 10 00 aa  (status=0)
  [trace @img=11719] send 03 01 10  reply 03 03 10 00 aa  (status=0)
  [trace @img=11719] send 03 01 10  reply 03 03 10 00 aa  (status=0)
  [trace @img=11719] send 03 01 10  reply 03 03 10 00 aa  (status=0)
  [trace @img=11719] send 03 01 10  reply 03 03 10 00 aa  (status=0)
  [trace @img=11719] send 03 01 10  reply 03 03 10 00 aa  (status=0)
  [trace @img=11719] send 03 01 10  reply 03 03 10 00 aa  (status=0)
  [trace @img=11719] send 03 01 10  reply 03 03 10 00 aa  (status=0)
  [trace @img=11719] send 03 01 10  reply 03 03 10 00 aa  (status=0)
  [trace @img=11719] send 03 01 10  reply 03 03 10 00 aa  (status=0)
  [trace @img=11719] send 03 01 10  reply 03 03 10 00 aa  (status=0)
  [trace @img=11719] send 03 01 10  reply 03 03 10 00 aa  (status=0)
  [trace @img=11719] send 03 01 10  reply 03 03 10 00 aa  (status=0)
  [trace @img=11719] send 03 01 10  reply 03 03 10 00 aa  (status=0)
  [trace @img=11719] send 03 01 10  reply 03 03 10 00 aa  (status=0)
  [trace @img=11719] send 03 01 10  reply 03 03 10 00 aa  (status=0)
  [trace @img=11719] send 03 01 10  reply 03 03 10 00 aa  (status=0)
  [trace @img=11719] send 03 01 10  reply 03 03 10 00 aa  (status=0)
  [trace @img=11719] send 03 01 10  reply 03 03 10 00 aa  (status=0)
  [trace @img=11719] send 03 01 10  reply 03 03 10 00 aa  (status=0)
  [trace @img=11719] send 03 01 10  reply 03 03 10 00 aa  (status=0)
  [trace @img=11719] send 03 01 10  reply 03 03 10 00 aa  (status=0)
  [trace @img=11719] send 03 01 10  reply 03 03 10 00 aa  (status=0)
  [trace @img=11719] send 03 01 10  reply 03 03 10 00 aa  (status=0)
  [trace @img=11719] send 03 01 10  reply 03 03 10 00 aa  (status=0)
  [trace @img=11719] send 03 01 10  reply 03 03 10 00 aa  (status=0)
  [trace @img=11719] send 03 01 10  reply 03 03 10 00 aa  (status=0)
  [trace @img=11719] send 03 01 10  reply 03 03 10 00 aa  (status=0)
  [trace @img=11719] send 03 01 10  reply 03 03 10 00 aa  (status=0)
  [trace @img=11719] send 03 01 10  reply 03 03 10 00 aa  (status=0)
  [trace @img=11719] send 03 01 10  reply 03 03 10 00 aa  (status=0)
  [trace @img=11719] send 03 01 10  reply 03 03 10 00 aa  (status=0)
  [trace @img=11719] send 03 01 10  reply 03 03 10 00 aa  (status=0)
  [trace @img=11719] send 03 01 10  reply 03 03 10 00 aa  (status=0)
  [trace @img=11719] send 03 01 10  reply 03 03 10 00 aa  (status=0)
  [trace @img=11719] send 03 01 10  reply 03 03 10 00 aa  (status=0)
  [trace @img=11719] send 03 01 20  reply 03 02 20 00  (status=0)
  [trace @img=11719] send 03 01 10  reply 03 03 10 00 aa  (status=0)
  [trace @img=11719] send 03 01 10  reply 03 03 10 00 aa  (status=0)
  [trace @img=11719] send 03 01 10  reply 03 03 10 00 aa  (status=0)
  [trace @img=11719] send 03 01 10  reply 03 03 10 00 aa  (status=0)
  [trace @img=11719] send 03 01 10  reply 03 03 10 00 aa  (status=0)
  [trace @img=11719] send 03 01 10  reply 03 03 10 00 aa  (status=0)
  [trace @img=11719] send 03 01 10  reply 03 03 10 00 aa  (status=0)
  [trace @img=11719] send 03 01 10  reply 03 03 10 00 aa  (status=0)
  [trace @img=11719] send 03 01 10  reply 03 03 10 00 aa  (status=0)
  [trace @img=11719] send 03 01 10  reply 03 03 10 00 aa  (status=0)
  [trace @img=11719] send 03 01 10  reply 03 03 10 00 aa  (status=0)
  [trace @img=11719] send 03 01 10  reply 03 03 10 00 aa  (status=0)
  [trace @img=11719] send 03 01 10  reply 03 03 10 00 aa  (status=0)
  [trace @img=11719] send 03 01 10  reply 03 03 10 00 aa  (status=0)
  [trace @img=11719] send 03 01 10  reply 03 03 10 00 aa  (status=0)
  [trace @img=11719] send 03 01 10  reply 03 03 10 00 aa  (status=0)
  [trace @img=11719] send 03 01 10  reply 03 03 10 00 aa  (status=0)
  [trace @img=11719] send 03 01 10  reply 03 03 10 00 aa  (status=0)
  [trace @img=11719] send 03 01 10  reply 03 03 10 00 aa  (status=0)
  [trace @img=11719] send 03 01 10  reply 03 03 10 00 aa  (status=0)
  [trace @img=11719] send 03 01 10  reply 03 03 10 00 aa  (status=0)
  [trace @img=11719] send 03 01 10  reply 03 03 10 00 aa  (status=0)
  [trace @img=11719] send 03 01 10  reply 03 03 10 00 aa  (status=0)
  [trace @img=11719] send 03 01 10  reply 03 03 10 00 aa  (status=0)
  [trace @img=11719] send 03 01 10  reply 03 03 10 00 aa  (status=0)
  [trace @img=11719] send 03 01 10  reply 03 03 10 00 aa  (status=0)
  [trace @img=11719] send 03 01 10  reply 03 03 10 00 aa  (status=0)
  [trace @img=11719] send 03 01 10  reply 03 03 10 00 aa  (status=0)
  [trace @img=11719] send 03 01 10  reply 03 03 10 00 aa  (status=0)
  [trace @img=11719] send 03 01 10  reply 03 03 10 00 aa  (status=0)
  [trace @img=11719] send 03 01 10  reply 03 03 10 00 aa  (status=0)
  [trace @img=11719] send 03 01 10  reply 03 03 10 00 aa  (status=0)
  [trace @img=11719] send 03 01 10  reply 03 03 10 00 aa  (status=0)
  [trace @img=11719] send 03 01 10  reply 03 03 10 00 aa  (status=0)
  [trace @img=11719] send 03 01 10  reply 03 03 10 00 aa  (status=0)
  [trace @img=11719] send 03 01 10  reply 03 03 10 00 aa  (status=0)
  [trace @img=11719] send 03 01 10  reply 03 03 10 00 aa  (status=0)
  [trace @img=11719] send 03 01 10  reply 03 03 10 00 aa  (status=0)
  [trace @img=11719] send 03 01 10  reply 03 03 10 00 aa  (status=0)
  [trace @img=11719] send 03 01 10  reply 03 03 10 00 aa  (status=0)
  [trace @img=11719] send 03 01 10  reply 03 03 10 00 aa  (status=0)
  [trace @img=11719] send 03 01 10  reply 03 03 10 00 aa  (status=0)
  [trace @img=11719] send 03 01 10  reply 03 03 10 00 aa  (status=0)
  [trace @img=11719] send 03 01 10  reply 03 03 10 00 aa  (status=0)
  [trace @img=11719] send 03 01 10  reply 03 03 10 00 aa  (status=0)
  [trace @img=11719] send 03 01 10  reply 03 03 10 00 aa  (status=0)
  [trace @img=11719] send 03 01 10  reply 03 03 10 00 aa  (status=0)
  [trace @img=11719] send 03 01 10  reply 03 03 10 00 aa  (status=0)
  [trace @img=11719] send 03 01 10  reply 03 03 10 00 aa  (status=0)
  [trace @img=11719] send 03 01 10  reply 03 03 10 00 aa  (status=0)
  [trace @img=11719] send 03 01 10  reply 03 03 10 00 aa  (status=0)
  [trace @img=11719] send 03 01 10  reply 03 03 10 00 aa  (status=0)
  [trace @img=11719] send 03 01 10  reply 03 03 10 00 aa  (status=0)
  [trace @img=11719] send 03 01 10  reply 03 03 10 00 aa  (status=0)
  [trace @img=11719] send 03 01 10  reply 03 03 10 00 aa  (status=0)
  [trace @img=11719] send 03 01 10  reply 03 03 10 00 aa  (status=0)
  [trace @img=11719] send 03 01 10  reply 03 03 10 00 aa  (status=0)
  [trace @img=11719] send 03 01 10  reply 03 03 10 00 aa  (status=0)
  [trace @img=11719] send 03 01 10  reply 03 03 10 00 aa  (status=0)
  [trace @img=11719] send 03 01 10  reply 03 03 10 00 aa  (status=0)
  [trace @img=11719] send 03 01 10  reply 03 03 10 00 aa  (status=0)
  [trace @img=11719] send 03 01 10  reply 03 03 10 00 aa  (status=0)
  [trace @img=11719] send 03 01 10  reply 03 03 10 00 aa  (status=0)
  [trace @img=11719] send 03 01 10  reply 03 03 10 00 aa  (status=0)
  [trace @img=11719] send 03 01 10  reply 03 03 10 00 aa  (status=0)
  [trace @img=11719] send 03 01 10  reply 03 03 10 00 aa  (status=0)
  [trace @img=11719] send 03 01 10  reply 03 03 10 00 aa  (status=0)
  [trace @img=11719] send 03 01 10  reply 03 03 10 00 aa  (status=0)
  [trace @img=11719] send 03 01 10  reply 03 03 10 00 aa  (status=0)
  [trace @img=11719] send 03 01 10  reply 03 03 10 00 aa  (status=0)
  [trace @img=11719] send 03 01 10  reply 03 03 10 00 aa  (status=0)
  [trace @img=11719] send 03 01 10  reply 03 03 10 00 aa  (status=0)
  [trace @img=11719] send 03 01 10  reply 03 03 10 00 aa  (status=0)
  [trace @img=11719] send 03 01 10  reply 03 03 10 00 aa  (status=0)
  [trace @img=11719] send 03 01 10  reply 03 03 10 00 aa  (status=0)
  [trace @img=11719] send 03 01 10  reply 03 03 10 00 aa  (status=0)
  [trace @img=11719] send 03 01 10  reply 03 03 10 00 aa  (status=0)
  [trace @img=11719] send 03 01 10  reply 03 03 10 00 aa  (status=0)
  [trace @img=11719] send 03 01 10  reply 03 03 10 00 aa  (status=0)
  [trace @img=11719] send 03 01 10  reply 03 03 10 00 aa  (status=0)
  [trace @img=11719] send 03 01 10  reply 03 03 10 00 aa  (status=0)
  [trace @img=11719] send 03 01 10  reply 03 03 10 00 aa  (status=0)
  [trace @img=11719] send 03 01 10  reply 03 03 10 00 aa  (status=0)
  [trace @img=11719] send 03 01 10  reply 03 03 10 00 aa  (status=0)
  [trace @img=11719] send 03 01 10  reply 03 03 10 00 aa  (status=0)
  [trace @img=11719] send 03 01 10  reply 03 03 10 00 aa  (status=0)
  [trace @img=11719] send 03 01 10  reply 03 03 10 00 aa  (status=0)
  [trace @img=11719] send 03 01 10  reply 03 03 10 00 aa  (status=0)
  [trace @img=11719] send 03 01 10  reply 03 03 10 00 aa  (status=0)
  [trace @img=11719] send 03 01 10  reply 03 03 10 00 aa  (status=0)
  [trace @img=11719] send 03 01 10  reply 03 03 10 00 aa  (status=0)
  [trace @img=11719] send 03 01 10  reply 03 03 10 00 aa  (status=0)
  [trace @img=11719] send 03 01 10  reply 03 03 10 00 aa  (status=0)
  [trace @img=11719] send 03 01 10  reply 03 03 10 00 aa  (status=0)
  [trace @img=11719] send 03 01 10  reply 03 03 10 00 aa  (status=0)
  [trace @img=11719] send 03 01 10  reply 03 03 10 00 aa  (status=0)
  [trace @img=11719] send 03 01 10  reply 03 03 10 00 aa  (status=0)
  [trace @img=11719] send 03 01 10  reply 03 03 10 00 aa  (status=0)
  [trace @img=11719] send 03 01 10  reply 03 03 10 00 aa  (status=0)
  [trace @img=11719] send 03 01 10  reply 03 03 10 00 aa  (status=0)
  [trace @img=11719] send 03 01 10  reply 03 03 10 00 aa  (status=0)
  [trace @img=11719] send 03 01 10  reply 03 03 10 00 aa  (status=0)
  [trace @img=11719] send 03 01 10  reply 03 03 10 00 aa  (status=0)
  [trace @img=11719] send 03 01 24  reply 03 02 24 00  (status=0)

scan replay done: 2218 commands, 11719 image reads, 239984640 image bytes -> test.raw (0 transfer errors)

